case_id,policy_id,condition_id,family,sampling_seed,score_status,valid_for_scoring,invalid_reasons,missing_scoring_inputs,missing_report_inputs,raw_directory,authoritative_directory,observation_delay_s,inference_delay_add_s,collision_coverage,sensor_uncertainty,observed_reach_before_closure,scored_reach_before_closure,observed_acquired,scored_acquired,observed_lifted,scored_lifted,observed_carried,scored_carried,observed_released_in_bin,scored_released_in_bin,observed_full_task,scored_full_task,observed_dropped,scored_dropped,observed_support_verified,scored_support_verified,support_required,support_telemetry_status,support_confirmation_s,packet_robot_contact_peak_n,packet_bin_contact_peak_n,event_reach_s,event_closure_s,event_acquisition_s,event_lift_s,event_carry_s,event_release_in_bin_s,event_full_task_s,event_first_drop_s,max_lift_m,carry_distance_m,final_inside_bin,final_contacts_unloaded,final_speed_m_s,final_angular_speed_rad_s,minimum_pad_midpoint_to_object_m,bilateral_contact_duration_s,pad_packet_normal_force_peak_n,reach_distance_before_first_additional_closure_m,first_additional_closing_command_s,stop_reason,ik_rejects,hold_duration_s,stale_plan_hold_rows,replans,plans_activated,inference_errors,execution_rows,collision_reported_count,pad_environment_force_peak_n,physics_clock_max_error_s,duration_s,runtime_status,first_stop_time_s,terminal_event_kinds,logged_safety_event_counts,placement_release_commits,placement_release_commit_times_s,placement_release_events,playback_cap_dwell_rows,playback_cap_dwell_s,last_release_phase,terminal_cause,physical_completion_before_later_stop,completion_to_later_stop_s,full_task_final_inside_and_unloaded,packet_robot_contact_final_n,packet_bin_contact_final_n,full_task_final_robot_unloaded_bin_supported,packet_robot_peak_over_100n,latency_native_count,latency_native_mean_s,latency_native_median_s,latency_native_p95_s,latency_native_max_s,latency_delivery_count,latency_delivery_mean_s,latency_delivery_median_s,latency_delivery_p95_s,latency_delivery_max_s,latency_activation_count,latency_activation_mean_s,latency_activation_median_s,latency_activation_p95_s,latency_activation_max_s,latency_wall_count,latency_wall_mean_s,latency_wall_median_s,latency_wall_p95_s,latency_wall_max_s,video_path,video_present,scene_video_path,scene_video_present,video_relative_path,scene_video_relative_path
teacher__nominal__seed4242,teacher,nominal,nominal,4242,scored,True,,,,/home/physicalai/phantom-icra-2027/sim/waffles/runs/teacher_pick_place_v1/campaign/rollouts/teacher__nominal__seed4242,/home/physicalai/phantom-icra-2027/sim/waffles/runs/teacher_pick_place_v1/campaign/rollouts/teacher__nominal__seed4242,0.0,0.0,partial: pad contacts and reported events; no whole-robot collision certification,Uncalibrated tactile and wrist proxies; visual/contact geometry estimated,True,True,True,True,True,True,True,True,False,False,False,False,False,False,False,False,True,available,NA,10.43884453177452,0.0,6.468,7.468,8.0,12.6,15.6,NA,NA,NA,0.32315754890441895,0.3250075524430625,False,False,4.3617166062874995e-06,7.354500525592903e-05,0.0,10.352,5.301003932952881,0.2528239592029284,1.484,safety_stop,0,0.0,0,20,19,0,2245,0,0.0,9.476691467114051e-07,19.952,completed,17.956,wrist_extension,"{""wrist_extension"": 1}",0,[],"[{""t"": 17.956, ""event"": ""safety_preempted""}]",59,0.47199999999999953,holding,wrist_extension,False,NA,False,10.41517561674118,0.0,False,False,20,0.8961287825950421,0.7879726579994895,1.186265346116852,1.2160722840344533,20,0.8961287825950421,0.7879726579994895,1.186265346116852,1.2160722840344533,19,0.8892631578947366,0.7839999999999989,1.1951999999999985,1.224,20,1.074525102111511,0.967764169559814,1.3576078252634034,1.4002132599707693,/home/physicalai/phantom-icra-2027/sim/waffles/runs/teacher_pick_place_v1/video_reviews/teacher__nominal__seed4242/policy_review.mp4,True,/home/physicalai/phantom-icra-2027/sim/waffles/runs/teacher_pick_place_v1/campaign/rollouts/teacher__nominal__seed4242/sim.mp4,True,../../video_reviews/teacher__nominal__seed4242/policy_review.mp4,../rollouts/teacher__nominal__seed4242/sim.mp4
teacher__nominal__seed4243,teacher,nominal,nominal,4243,scored,True,,,,/home/physicalai/phantom-icra-2027/sim/waffles/runs/teacher_pick_place_v1/campaign/rollouts/teacher__nominal__seed4243,/home/physicalai/phantom-icra-2027/sim/waffles/runs/teacher_pick_place_v1/campaign/rollouts/teacher__nominal__seed4243,0.0,0.0,partial: pad contacts and reported events; no whole-robot collision certification,Uncalibrated tactile and wrist proxies; visual/contact geometry estimated,True,True,True,True,False,False,False,False,False,False,False,False,False,False,False,False,True,available,NA,12.358943581581116,0.0,6.4,7.4,8.268,NA,NA,NA,NA,NA,0.010787151753902435,0.0,False,True,0.0,0.0,0.0053930199970189194,2.5959999999999983,6.313214302062988,0.2528239745208991,1.428,safety_stop,0,0.0,0,18,17,0,1998,0,0.0,8.538141855751746e-07,17.976,completed,15.98,wrist_extension,"{""wrist_extension"": 1}",0,[],"[{""t"": 15.98, ""event"": ""safety_preempted""}]",30,0.23999999999999844,unarmed,wrist_extension,False,NA,False,0.0,0.0,False,False,18,0.8658779727282107,0.7855881915311329,1.1701024593552574,1.184339497005567,18,0.8658779727282107,0.7855881915311329,1.1701024593552574,1.184339497005567,17,0.852235294117647,0.7839999999999998,1.1551999999999993,1.168,18,1.0476038800293788,0.9635877904947847,1.354345821723109,1.3668235760414973,/home/physicalai/phantom-icra-2027/sim/waffles/runs/teacher_pick_place_v1/video_reviews/teacher__nominal__seed4243/policy_review.mp4,True,/home/physicalai/phantom-icra-2027/sim/waffles/runs/teacher_pick_place_v1/campaign/rollouts/teacher__nominal__seed4243/sim.mp4,True,../../video_reviews/teacher__nominal__seed4243/policy_review.mp4,../rollouts/teacher__nominal__seed4243/sim.mp4
teacher__placement_xm10_ym10mm__seed4242,teacher,placement_xm10_ym10mm,object_placement,4242,scored,True,,,,/home/physicalai/phantom-icra-2027/sim/waffles/runs/teacher_pick_place_v1/campaign/rollouts/teacher__placement_xm10_ym10mm__seed4242,/home/physicalai/phantom-icra-2027/sim/waffles/runs/teacher_pick_place_v1/campaign/rollouts/teacher__placement_xm10_ym10mm__seed4242,0.0,0.0,partial: pad contacts and reported events; no whole-robot collision certification,Uncalibrated tactile and wrist proxies; visual/contact geometry estimated,True,True,True,True,True,True,True,True,True,True,True,True,False,False,True,True,True,available,25.2,16.427497625350952,6.637989521026611,6.336,7.468,8.0,12.668000000000001,15.336,24.400000000000002,25.2,NA,0.3417630195617676,0.43634908344507667,True,True,1.8626451492309967e-07,1.0536712127723733e-06,0.0,15.596000000000004,9.692132949829102,0.2526216657465706,1.484,safety_stop,0,0.0,0,38,37,0,3923,0,0.0,1.585274937099257e-06,33.376,completed,31.38,wrist_extension,"{""wrist_extension"": 1}",1,[24.38],"[{""t"": 24.38, ""event"": ""policy_release_committed""}, {""t"": 25.3, ""event"": ""measured_unloaded_open""}, {""t"": 31.38, ""event"": ""safety_preempted""}]",26,0.20800000000000196,waiting_for_close,wrist_extension,True,6.18,True,0.0,0.34267668798565865,True,False,38,0.8128877123358267,0.773280558467377,1.1837991899810731,1.220687007997185,38,0.8128877123358267,0.773280558467377,1.1837991899810731,1.220687007997185,37,0.8175135135135134,0.7759999999999998,1.1871999999999998,1.224,38,0.9758643415866812,0.9540165519574657,1.3679534678638448,1.4047669370193034,/home/physicalai/phantom-icra-2027/sim/waffles/runs/teacher_pick_place_v1/video_reviews/teacher__placement_xm10_ym10mm__seed4242/policy_review.mp4,True,/home/physicalai/phantom-icra-2027/sim/waffles/runs/teacher_pick_place_v1/campaign/rollouts/teacher__placement_xm10_ym10mm__seed4242/sim.mp4,True,../../video_reviews/teacher__placement_xm10_ym10mm__seed4242/policy_review.mp4,../rollouts/teacher__placement_xm10_ym10mm__seed4242/sim.mp4
teacher__placement_xm10_ym10mm__seed4243,teacher,placement_xm10_ym10mm,object_placement,4243,scored,True,,,,/home/physicalai/phantom-icra-2027/sim/waffles/runs/teacher_pick_place_v1/campaign/rollouts/teacher__placement_xm10_ym10mm__seed4243,/home/physicalai/phantom-icra-2027/sim/waffles/runs/teacher_pick_place_v1/campaign/rollouts/teacher__placement_xm10_ym10mm__seed4243,0.0,0.0,partial: pad contacts and reported events; no whole-robot collision certification,Uncalibrated tactile and wrist proxies; visual/contact geometry estimated,True,True,True,True,False,False,False,False,False,False,False,False,False,False,False,False,True,available,NA,9.52594004618004,0.0,6.468,8.068,9.268,NA,NA,NA,NA,NA,0.06604954600334167,0.0,False,True,1.8626451492309553e-06,4.466466161713672e-06,0.0,3.4720000000000013,5.404044151306152,0.25262168085999975,1.468,safety_stop,0,0.0,0,19,18,0,2080,0,30.788515090942383,8.849725112725082e-07,18.632,completed,16.636,hitbox_exit_top,"{""hitbox_exit_top"": 1}",0,[],"[{""t"": 16.636, ""event"": ""safety_preempted""}]",11,0.08799999999999919,unarmed,hitbox_exit_top,False,NA,False,0.0,0.0,False,False,19,0.8607812268953574,0.7773034339770675,1.185316603782121,1.2066393569111824,19,0.8607812268953574,0.7773034339770675,1.185316603782121,1.2066393569111824,18,0.8497777777777776,0.7839999999999989,1.1876,1.208,19,1.04218584623825,0.963194361072965,1.3700852897949516,1.3907956919865683,/home/physicalai/phantom-icra-2027/sim/waffles/runs/teacher_pick_place_v1/video_reviews/teacher__placement_xm10_ym10mm__seed4243/policy_review.mp4,True,/home/physicalai/phantom-icra-2027/sim/waffles/runs/teacher_pick_place_v1/campaign/rollouts/teacher__placement_xm10_ym10mm__seed4243/sim.mp4,True,../../video_reviews/teacher__placement_xm10_ym10mm__seed4243/policy_review.mp4,../rollouts/teacher__placement_xm10_ym10mm__seed4243/sim.mp4
teacher__placement_xm10_yp0mm__seed4242,teacher,placement_xm10_yp0mm,object_placement,4242,scored,True,,,,/home/physicalai/phantom-icra-2027/sim/waffles/runs/teacher_pick_place_v1/campaign/rollouts/teacher__placement_xm10_yp0mm__seed4242,/home/physicalai/phantom-icra-2027/sim/waffles/runs/teacher_pick_place_v1/campaign/rollouts/teacher__placement_xm10_yp0mm__seed4242,0.0,0.0,partial: pad contacts and reported events; no whole-robot collision certification,Uncalibrated tactile and wrist proxies; visual/contact geometry estimated,True,True,True,True,True,True,True,True,False,False,False,False,False,False,False,False,True,available,NA,11.172386050224304,0.0,6.336,7.468,7.668,12.6,15.200000000000001,NA,NA,NA,0.34096240997314453,0.32627528387804766,False,False,5.4452083710233366e-06,0.00013399542331910197,0.0,9.939999999999998,5.716144561767578,0.252980946777841,1.436,safety_stop,0,0.0,0,21,20,0,2161,0,0.0,9.157508600310393e-07,19.28,completed,17.284,wrist_extension,"{""wrist_extension"": 1}",0,[],"[{""t"": 17.284, ""event"": ""safety_preempted""}]",0,0.0,holding,wrist_extension,False,NA,False,10.615415960550308,0.0,False,False,21,0.8201421388602328,0.7780285010812804,1.1398058900376782,1.1707764270249754,21,0.8201421388602328,0.7780285010812804,1.1398058900376782,1.1707764270249754,20,0.8256,0.7840000000000007,1.1456000000000002,1.176,21,0.9831956152948329,0.9572706670733169,1.323270054999739,1.3567486549727619,/home/physicalai/phantom-icra-2027/sim/waffles/runs/teacher_pick_place_v1/video_reviews/teacher__placement_xm10_yp0mm__seed4242/policy_review.mp4,True,/home/physicalai/phantom-icra-2027/sim/waffles/runs/teacher_pick_place_v1/campaign/rollouts/teacher__placement_xm10_yp0mm__seed4242/sim.mp4,True,../../video_reviews/teacher__placement_xm10_yp0mm__seed4242/policy_review.mp4,../rollouts/teacher__placement_xm10_yp0mm__seed4242/sim.mp4
teacher__placement_xm10_yp0mm__seed4243,teacher,placement_xm10_yp0mm,object_placement,4243,scored,True,,,,/home/physicalai/phantom-icra-2027/sim/waffles/runs/teacher_pick_place_v1/campaign/rollouts/teacher__placement_xm10_yp0mm__seed4243,/home/physicalai/phantom-icra-2027/sim/waffles/runs/teacher_pick_place_v1/campaign/rollouts/teacher__placement_xm10_yp0mm__seed4243,0.0,0.0,partial: pad contacts and reported events; no whole-robot collision certification,Uncalibrated tactile and wrist proxies; visual/contact geometry estimated,True,True,True,True,True,True,True,True,False,False,False,False,True,True,False,False,True,available,NA,41.81541442871094,4.454960346221924,6.868,8.536,11.268,13.936,16.136,NA,NA,20.268,0.3433573544025421,0.48055183425011605,False,True,5.053611036421576e-06,0.0002402932565410428,0.0059099376186208825,8.596,41.81541442871094,0.252980946777841,1.452,safety_stop,0,0.0,0,25,24,0,2571,0,149.44493103027344,1.0715425027285619e-06,22.56,completed,20.564,joint_speed,"{""joint_speed"": 1}",0,[],"[{""t"": 20.564, ""event"": ""safety_preempted""}]",0,0.0,holding,joint_speed,False,NA,False,0.0,0.0,False,False,25,0.8258513920009136,0.7752263790462166,1.1552120194304734,1.1888924459926784,25,0.8258513920009136,0.7752263790462166,1.1552120194304734,1.1888924459926784,24,0.8323333333333333,0.776,1.1576000000000002,1.192,25,0.9962811491079628,0.9550528320251033,1.3407123496290296,1.3763258340768516,/home/physicalai/phantom-icra-2027/sim/waffles/runs/teacher_pick_place_v1/video_reviews/teacher__placement_xm10_yp0mm__seed4243/policy_review.mp4,True,/home/physicalai/phantom-icra-2027/sim/waffles/runs/teacher_pick_place_v1/campaign/rollouts/teacher__placement_xm10_yp0mm__seed4243/sim.mp4,True,../../video_reviews/teacher__placement_xm10_yp0mm__seed4243/policy_review.mp4,../rollouts/teacher__placement_xm10_yp0mm__seed4243/sim.mp4
teacher__placement_xm10_yp10mm__seed4242,teacher,placement_xm10_yp10mm,object_placement,4242,scored,True,,,,/home/physicalai/phantom-icra-2027/sim/waffles/runs/teacher_pick_place_v1/campaign/rollouts/teacher__placement_xm10_yp10mm__seed4242,/home/physicalai/phantom-icra-2027/sim/waffles/runs/teacher_pick_place_v1/campaign/rollouts/teacher__placement_xm10_yp10mm__seed4242,0.0,0.0,partial: pad contacts and reported events; no whole-robot collision certification,Uncalibrated tactile and wrist proxies; visual/contact geometry estimated,True,True,False,False,False,False,False,False,False,False,False,False,False,False,False,False,True,available,NA,116.71423435211182,0.0,6.736,7.736,NA,NA,NA,NA,NA,NA,5.900859832763672e-06,0.0,False,True,0.0,0.0,0.005437713978279976,0.0,116.7142333984375,0.2536959283067189,1.436,safety_stop,0,0.0,0,21,20,0,2280,0,0.0,9.609684354927595e-07,20.232,completed,18.236,wrist_extension,"{""wrist_extension"": 1}",0,[],"[{""t"": 18.236, ""event"": ""safety_preempted""}]",23,0.18400000000000105,unarmed,wrist_extension,False,NA,False,0.0,0.0,False,True,21,0.853856473933861,0.7784483500290662,1.1702208099886775,1.1847056999104097,21,0.853856473933861,0.7784483500290662,1.1702208099886775,1.1847056999104097,20,0.8439999999999998,0.7839999999999998,1.1768,1.1920000000000002,21,1.0406954924387501,0.9693860049592331,1.3536550550488755,1.3744999739574268,/home/physicalai/phantom-icra-2027/sim/waffles/runs/teacher_pick_place_v1/video_reviews/teacher__placement_xm10_yp10mm__seed4242/policy_review.mp4,True,/home/physicalai/phantom-icra-2027/sim/waffles/runs/teacher_pick_place_v1/campaign/rollouts/teacher__placement_xm10_yp10mm__seed4242/sim.mp4,True,../../video_reviews/teacher__placement_xm10_yp10mm__seed4242/policy_review.mp4,../rollouts/teacher__placement_xm10_yp10mm__seed4242/sim.mp4
teacher__placement_xm10_yp10mm__seed4243,teacher,placement_xm10_yp10mm,object_placement,4243,scored,True,,,,/home/physicalai/phantom-icra-2027/sim/waffles/runs/teacher_pick_place_v1/campaign/rollouts/teacher__placement_xm10_yp10mm__seed4243,/home/physicalai/phantom-icra-2027/sim/waffles/runs/teacher_pick_place_v1/campaign/rollouts/teacher__placement_xm10_yp10mm__seed4243,0.0,0.0,partial: pad contacts and reported events; no whole-robot collision certification,Uncalibrated tactile and wrist proxies; visual/contact geometry estimated,True,True,False,False,False,False,False,False,False,False,False,False,False,False,False,False,True,available,NA,23.87386155128479,0.0,6.6000000000000005,7.4,NA,NA,NA,NA,NA,NA,2.9802322387695312e-08,0.0,False,True,2.7136182750935527e-06,3.943194992381193e-05,0.012989458474468243,0.0,23.87386131286621,0.2536959283067189,1.436,safety_stop,0,0.0,0,18,17,0,1975,0,0.0,8.450746520338726e-07,17.792,completed,15.796000000000001,hitbox_exit_top,"{""hitbox_exit_top"": 1}",0,[],"[{""t"": 15.796000000000001, ""event"": ""safety_preempted""}]",15,0.11999999999999922,unarmed,hitbox_exit_top,False,NA,False,0.0,0.0,False,False,18,0.8645855895463481,0.7838405775255524,1.152790443651611,1.1748108869651332,18,0.8645855895463481,0.7838405775255524,1.152790443651611,1.1748108869651332,17,0.8522352941176472,0.7840000000000007,1.1567999999999994,1.176,18,1.050462313002855,0.9692983900313266,1.3380877798597794,1.366496796021238,/home/physicalai/phantom-icra-2027/sim/waffles/runs/teacher_pick_place_v1/video_reviews/teacher__placement_xm10_yp10mm__seed4243/policy_review.mp4,True,/home/physicalai/phantom-icra-2027/sim/waffles/runs/teacher_pick_place_v1/campaign/rollouts/teacher__placement_xm10_yp10mm__seed4243/sim.mp4,True,../../video_reviews/teacher__placement_xm10_yp10mm__seed4243/policy_review.mp4,../rollouts/teacher__placement_xm10_yp10mm__seed4243/sim.mp4
teacher__placement_xp0_ym10mm__seed4242,teacher,placement_xp0_ym10mm,object_placement,4242,scored,True,,,,/home/physicalai/phantom-icra-2027/sim/waffles/runs/teacher_pick_place_v1/campaign/rollouts/teacher__placement_xp0_ym10mm__seed4242,/home/physicalai/phantom-icra-2027/sim/waffles/runs/teacher_pick_place_v1/campaign/rollouts/teacher__placement_xp0_ym10mm__seed4242,0.0,0.0,partial: pad contacts and reported events; no whole-robot collision certification,Uncalibrated tactile and wrist proxies; visual/contact geometry estimated,True,True,True,True,True,True,False,False,False,False,False,False,True,True,False,False,True,available,NA,11.536497235298157,0.0,6.2,7.4,7.936,12.468,NA,NA,NA,13.8,0.11743296682834625,0.0034924367530389756,False,True,1.0412502929101642e-06,0.0,0.0,4.468,5.794464111328125,0.2525816372069406,1.428,safety_stop,0,0.0,0,20,19,0,2080,0,0.0,8.849725112725082e-07,18.632,completed,16.636,wrist_extension,"{""wrist_extension"": 1}",0,[],"[{""t"": 16.636, ""event"": ""safety_preempted""}]",18,0.1440000000000019,unarmed,wrist_extension,False,NA,False,0.0,0.0,False,False,20,0.8557760262046941,0.7763775430503301,1.1627282069879583,1.1675290509592742,20,0.8557760262046941,0.7763775430503301,1.1627282069879583,1.1675290509592742,19,0.8433684210526317,0.7760000000000007,1.1464,1.168,20,1.0357842932629864,0.9630639280076139,1.3480250137567054,1.3518454530276358,/home/physicalai/phantom-icra-2027/sim/waffles/runs/teacher_pick_place_v1/video_reviews/teacher__placement_xp0_ym10mm__seed4242/policy_review.mp4,True,/home/physicalai/phantom-icra-2027/sim/waffles/runs/teacher_pick_place_v1/campaign/rollouts/teacher__placement_xp0_ym10mm__seed4242/sim.mp4,True,../../video_reviews/teacher__placement_xp0_ym10mm__seed4242/policy_review.mp4,../rollouts/teacher__placement_xp0_ym10mm__seed4242/sim.mp4
teacher__placement_xp0_ym10mm__seed4243,teacher,placement_xp0_ym10mm,object_placement,4243,scored,True,,,,/home/physicalai/phantom-icra-2027/sim/waffles/runs/teacher_pick_place_v1/campaign/rollouts/teacher__placement_xp0_ym10mm__seed4243,/home/physicalai/phantom-icra-2027/sim/waffles/runs/teacher_pick_place_v1/campaign/rollouts/teacher__placement_xp0_ym10mm__seed4243,0.0,0.0,partial: pad contacts and reported events; no whole-robot collision certification,Uncalibrated tactile and wrist proxies; visual/contact geometry estimated,True,True,True,True,False,False,False,False,False,False,False,False,False,False,False,False,True,available,NA,6.486200153827667,0.0,6.6000000000000005,7.868,9.268,NA,NA,NA,NA,NA,0.011899277567863464,0.0,False,True,0.0,1.8626451492311622e-06,0.002950548749047611,1.3279999999999994,3.287747859954834,0.25258162221999764,1.476,safety_stop,0,0.0,0,18,17,0,1953,0,0.0,8.367151025368003e-07,17.616,completed,15.620000000000001,hitbox_exit_top,"{""hitbox_exit_top"": 1}",0,[],"[{""t"": 15.620000000000001, ""event"": ""safety_preempted""}]",21,0.16799999999999926,unarmed,hitbox_exit_top,False,NA,False,0.0,0.0,False,False,18,0.8688326438811297,0.7784005005378276,1.1880678774788975,1.213364049908705,18,0.8688326438811297,0.7784005005378276,1.1880678774788975,1.213364049908705,17,0.8555294117647059,0.7839999999999989,1.1903999999999995,1.216,18,1.052936908950667,0.9654379975399934,1.3732489451766015,1.3982130439253524,/home/physicalai/phantom-icra-2027/sim/waffles/runs/teacher_pick_place_v1/video_reviews/teacher__placement_xp0_ym10mm__seed4243/policy_review.mp4,True,/home/physicalai/phantom-icra-2027/sim/waffles/runs/teacher_pick_place_v1/campaign/rollouts/teacher__placement_xp0_ym10mm__seed4243/sim.mp4,True,../../video_reviews/teacher__placement_xp0_ym10mm__seed4243/policy_review.mp4,../rollouts/teacher__placement_xp0_ym10mm__seed4243/sim.mp4
teacher__placement_xp0_yp10mm__seed4242,teacher,placement_xp0_yp10mm,object_placement,4242,scored,True,,,,/home/physicalai/phantom-icra-2027/sim/waffles/runs/teacher_pick_place_v1/campaign/rollouts/teacher__placement_xp0_yp10mm__seed4242,/home/physicalai/phantom-icra-2027/sim/waffles/runs/teacher_pick_place_v1/campaign/rollouts/teacher__placement_xp0_yp10mm__seed4242,0.0,0.0,partial: pad contacts and reported events; no whole-robot collision certification,Uncalibrated tactile and wrist proxies; visual/contact geometry estimated,True,True,True,True,True,True,True,True,True,True,True,True,False,False,True,True,True,available,25.8,78.27406311035156,1.8376129865646362,6.468,7.668,11.668000000000001,13.468,16.0,25.2,25.8,NA,0.3196706473827362,0.4010747734015904,True,True,4.679838019012256e-06,6.489921879089893e-05,0.0,13.599999999999998,78.27406311035156,0.2534226891401947,1.436,safety_stop,0,0.0,0,39,39,0,4045,0,0.0,1.6316324433773843e-06,34.352000000000004,completed,32.356,wrist_extension,"{""wrist_extension"": 1}",1,[25.172],"[{""t"": 25.172, ""event"": ""policy_release_committed""}, {""t"": 26.044, ""event"": ""measured_unloaded_open""}, {""t"": 32.356, ""event"": ""safety_preempted""}]",23,0.18400000000000105,waiting_for_close,wrist_extension,True,6.556000000000001,True,0.0,0.34308432787656784,True,False,39,0.8104484564720247,0.7756742789642885,1.1430389294051566,1.1732098460197449,39,0.8104484564720247,0.7756742789642885,1.1430389294051566,1.1732098460197449,39,0.8151794871794872,0.7760000000000034,1.1472000000000002,1.176000000000002,39,0.9760066298320174,0.9570307940011844,1.3274054995621556,1.3698764609871432,/home/physicalai/phantom-icra-2027/sim/waffles/runs/teacher_pick_place_v1/video_reviews/teacher__placement_xp0_yp10mm__seed4242/policy_review.mp4,True,/home/physicalai/phantom-icra-2027/sim/waffles/runs/teacher_pick_place_v1/campaign/rollouts/teacher__placement_xp0_yp10mm__seed4242/sim.mp4,True,../../video_reviews/teacher__placement_xp0_yp10mm__seed4242/policy_review.mp4,../rollouts/teacher__placement_xp0_yp10mm__seed4242/sim.mp4
teacher__placement_xp0_yp10mm__seed4243,teacher,placement_xp0_yp10mm,object_placement,4243,scored,True,,,,/home/physicalai/phantom-icra-2027/sim/waffles/runs/teacher_pick_place_v1/campaign/rollouts/teacher__placement_xp0_yp10mm__seed4243,/home/physicalai/phantom-icra-2027/sim/waffles/runs/teacher_pick_place_v1/campaign/rollouts/teacher__placement_xp0_yp10mm__seed4243,0.0,0.0,partial: pad contacts and reported events; no whole-robot collision certification,Uncalibrated tactile and wrist proxies; visual/contact geometry estimated,True,True,True,True,False,False,False,False,False,False,False,False,False,False,False,False,True,available,NA,24.258351802825928,0.0,6.4,7.4,10.200000000000001,NA,NA,NA,NA,NA,0.0004212707281112671,0.0,False,True,2.115558216645709e-05,0.00014018183739647686,0.012502021856896214,0.5359999999999996,24.258352279663086,0.2534226891401947,1.444,safety_stop,0,0.0,0,19,18,0,2035,0,0.0,8.678734282341338e-07,18.272000000000002,completed,16.276,wrist_extension,"{""wrist_extension"": 1}",0,[],"[{""t"": 16.276, ""event"": ""safety_preempted""}]",46,0.36799999999999855,unarmed,wrist_extension,False,NA,False,0.0,0.0,False,False,19,0.8826614205823525,0.7874444230692461,1.18239311829675,1.1843920840183273,19,0.8826614205823525,0.7874444230692461,1.18239311829675,1.1843920840183273,18,0.8737777777777779,0.7880000000000003,1.1852,1.1920000000000002,19,1.0690863700399764,0.9743827120400965,1.367513487895485,1.3690200330456719,/home/physicalai/phantom-icra-2027/sim/waffles/runs/teacher_pick_place_v1/video_reviews/teacher__placement_xp0_yp10mm__seed4243/policy_review.mp4,True,/home/physicalai/phantom-icra-2027/sim/waffles/runs/teacher_pick_place_v1/campaign/rollouts/teacher__placement_xp0_yp10mm__seed4243/sim.mp4,True,../../video_reviews/teacher__placement_xp0_yp10mm__seed4243/policy_review.mp4,../rollouts/teacher__placement_xp0_yp10mm__seed4243/sim.mp4
teacher__placement_xp10_ym10mm__seed4242,teacher,placement_xp10_ym10mm,object_placement,4242,scored,True,,,,/home/physicalai/phantom-icra-2027/sim/waffles/runs/teacher_pick_place_v1/campaign/rollouts/teacher__placement_xp10_ym10mm__seed4242,/home/physicalai/phantom-icra-2027/sim/waffles/runs/teacher_pick_place_v1/campaign/rollouts/teacher__placement_xp10_ym10mm__seed4242,0.0,0.0,partial: pad contacts and reported events; no whole-robot collision certification,Uncalibrated tactile and wrist proxies; visual/contact geometry estimated,True,True,True,True,True,True,True,True,False,False,False,False,False,False,False,False,True,available,NA,8.633366793394089,0.0,6.268,7.4,7.936,12.068,14.536,NA,NA,NA,0.3157508969306946,0.28171818438639107,False,False,3.627810593856084e-06,7.211855846511294e-05,0.0,9.251999999999999,4.422904968261719,0.2525759677160849,1.428,safety_stop,0,0.0,0,20,19,0,2049,0,0.0,8.731931444572183e-07,18.384,completed,16.388,wrist_extension,"{""wrist_extension"": 1}",0,[],"[{""t"": 16.388, ""event"": ""safety_preempted""}]",0,0.0,holding,wrist_extension,False,NA,False,8.561820685863495,0.0,False,False,20,0.8172581391292624,0.7754260240471922,1.1403336993651465,1.1652937970357016,20,0.8172581391292624,0.7754260240471922,1.1403336993651465,1.1652937970357016,19,0.8231578947368421,0.7760000000000007,1.1464,1.168,20,0.9848997216438875,0.9548956659855321,1.324947400036035,1.3525539248948917,/home/physicalai/phantom-icra-2027/sim/waffles/runs/teacher_pick_place_v1/video_reviews/teacher__placement_xp10_ym10mm__seed4242/policy_review.mp4,True,/home/physicalai/phantom-icra-2027/sim/waffles/runs/teacher_pick_place_v1/campaign/rollouts/teacher__placement_xp10_ym10mm__seed4242/sim.mp4,True,../../video_reviews/teacher__placement_xp10_ym10mm__seed4242/policy_review.mp4,../rollouts/teacher__placement_xp10_ym10mm__seed4242/sim.mp4
teacher__placement_xp10_ym10mm__seed4243,teacher,placement_xp10_ym10mm,object_placement,4243,scored,True,,,,/home/physicalai/phantom-icra-2027/sim/waffles/runs/teacher_pick_place_v1/campaign/rollouts/teacher__placement_xp10_ym10mm__seed4243,/home/physicalai/phantom-icra-2027/sim/waffles/runs/teacher_pick_place_v1/campaign/rollouts/teacher__placement_xp10_ym10mm__seed4243,0.0,0.0,partial: pad contacts and reported events; no whole-robot collision certification,Uncalibrated tactile and wrist proxies; visual/contact geometry estimated,True,True,True,True,False,False,False,False,False,False,False,False,False,False,False,False,True,available,NA,5.633824169635773,0.0,6.736,8.068,10.668000000000001,NA,NA,NA,NA,NA,0.010429881513118744,0.0,False,True,2.6609216417586345e-07,0.0,0.002134052256733689,1.7359999999999989,2.8456783294677734,0.2525759676878532,1.58,safety_stop,0,0.0,0,19,18,0,2083,0,0.0,8.861124527470565e-07,18.656,completed,16.66,hitbox_exit_top,"{""hitbox_exit_top"": 1}",0,[],"[{""t"": 16.66, ""event"": ""safety_preempted""}]",15,0.120000000000001,unarmed,hitbox_exit_top,False,NA,False,0.0,0.0,False,False,19,0.867206856216255,0.7753155929967761,1.1970299344626252,1.3164862459525466,19,0.867206856216255,0.7753155929967761,1.1970299344626252,1.3164862459525466,18,0.8555555555555556,0.7760000000000011,1.2044,1.32,19,1.051034045362796,0.9609190929913893,1.3871495413826775,1.5047701040748507,/home/physicalai/phantom-icra-2027/sim/waffles/runs/teacher_pick_place_v1/video_reviews/teacher__placement_xp10_ym10mm__seed4243/policy_review.mp4,True,/home/physicalai/phantom-icra-2027/sim/waffles/runs/teacher_pick_place_v1/campaign/rollouts/teacher__placement_xp10_ym10mm__seed4243/sim.mp4,True,../../video_reviews/teacher__placement_xp10_ym10mm__seed4243/policy_review.mp4,../rollouts/teacher__placement_xp10_ym10mm__seed4243/sim.mp4
teacher__placement_xp10_yp0mm__seed4242,teacher,placement_xp10_yp0mm,object_placement,4242,scored,True,,,,/home/physicalai/phantom-icra-2027/sim/waffles/runs/teacher_pick_place_v1/campaign/rollouts/teacher__placement_xp10_yp0mm__seed4242,/home/physicalai/phantom-icra-2027/sim/waffles/runs/teacher_pick_place_v1/campaign/rollouts/teacher__placement_xp10_yp0mm__seed4242,0.0,0.0,partial: pad contacts and reported events; no whole-robot collision certification,Uncalibrated tactile and wrist proxies; visual/contact geometry estimated,True,True,True,True,True,True,True,True,True,True,True,True,False,False,True,True,True,available,23.468,16.534974113106728,6.689225673675537,6.336,7.468,8.0,12.668000000000001,15.336,22.736,23.468,NA,0.3299710750579834,0.4146079193556334,True,True,5.10106382430742e-06,0.00010750222228847525,0.0,13.936,10.303833961486816,0.25270524174372744,1.484,safety_stop,0,0.0,0,36,35,0,3703,0,0.0,1.501679420812252e-06,31.616,completed,29.62,wrist_extension,"{""wrist_extension"": 1}",1,[22.7],"[{""t"": 22.7, ""event"": ""policy_release_committed""}, {""t"": 23.556, ""event"": ""measured_unloaded_open""}, {""t"": 29.62, ""event"": ""safety_preempted""}]",41,0.3279999999999994,waiting_for_close,wrist_extension,True,6.152000000000001,True,0.0,0.3430597074329853,True,False,36,0.8248613059824694,0.7746063739759848,1.186347152281087,1.2163293310441077,36,0.8248613059824694,0.7746063739759848,1.186347152281087,1.2163293310441077,35,0.8306285714285716,0.7760000000000034,1.1920000000000002,1.224,36,0.9912091051293019,0.9584048134274781,1.3705297919514123,1.4036921509541571,/home/physicalai/phantom-icra-2027/sim/waffles/runs/teacher_pick_place_v1/video_reviews/teacher__placement_xp10_yp0mm__seed4242/policy_review.mp4,True,/home/physicalai/phantom-icra-2027/sim/waffles/runs/teacher_pick_place_v1/campaign/rollouts/teacher__placement_xp10_yp0mm__seed4242/sim.mp4,True,../../video_reviews/teacher__placement_xp10_yp0mm__seed4242/policy_review.mp4,../rollouts/teacher__placement_xp10_yp0mm__seed4242/sim.mp4
teacher__placement_xp10_yp0mm__seed4243,teacher,placement_xp10_yp0mm,object_placement,4243,scored,True,,,,/home/physicalai/phantom-icra-2027/sim/waffles/runs/teacher_pick_place_v1/campaign/rollouts/teacher__placement_xp10_yp0mm__seed4243,/home/physicalai/phantom-icra-2027/sim/waffles/runs/teacher_pick_place_v1/campaign/rollouts/teacher__placement_xp10_yp0mm__seed4243,0.0,0.0,partial: pad contacts and reported events; no whole-robot collision certification,Uncalibrated tactile and wrist proxies; visual/contact geometry estimated,True,True,True,True,False,False,False,False,False,False,False,False,False,False,False,False,True,available,NA,10.091809272766113,0.0,6.268,7.668,8.536,NA,NA,NA,NA,NA,0.016622789204120636,0.0,False,True,1.2417634328206646e-07,9.934107462565317e-07,0.0015867176462119586,2.259999999999998,5.463290214538574,0.252705256940075,1.444,safety_stop,0,0.0,0,18,17,0,1992,0,0.0,8.515343061787917e-07,17.928,completed,15.932,wrist_extension,"{""wrist_extension"": 1}",0,[],"[{""t"": 15.932, ""event"": ""safety_preempted""}]",23,0.18399999999999928,unarmed,wrist_extension,False,NA,False,0.0,0.0,False,False,18,0.8690066741611291,0.7806254920433275,1.1831088883220218,1.1876395599683747,18,0.8690066741611291,0.7806254920433275,1.1831088883220218,1.1876395599683747,17,0.8550588235294116,0.7839999999999998,1.1855999999999995,1.1919999999999984,18,1.0555001540730398,0.9652879135101102,1.3675094208214431,1.371996898087673,/home/physicalai/phantom-icra-2027/sim/waffles/runs/teacher_pick_place_v1/video_reviews/teacher__placement_xp10_yp0mm__seed4243/policy_review.mp4,True,/home/physicalai/phantom-icra-2027/sim/waffles/runs/teacher_pick_place_v1/campaign/rollouts/teacher__placement_xp10_yp0mm__seed4243/sim.mp4,True,../../video_reviews/teacher__placement_xp10_yp0mm__seed4243/policy_review.mp4,../rollouts/teacher__placement_xp10_yp0mm__seed4243/sim.mp4
teacher__placement_xp10_yp10mm__seed4242,teacher,placement_xp10_yp10mm,object_placement,4242,scored,True,,,,/home/physicalai/phantom-icra-2027/sim/waffles/runs/teacher_pick_place_v1/campaign/rollouts/teacher__placement_xp10_yp10mm__seed4242,/home/physicalai/phantom-icra-2027/sim/waffles/runs/teacher_pick_place_v1/campaign/rollouts/teacher__placement_xp10_yp10mm__seed4242,0.0,0.0,partial: pad contacts and reported events; no whole-robot collision certification,Uncalibrated tactile and wrist proxies; visual/contact geometry estimated,True,True,True,True,True,True,True,True,True,True,True,True,False,False,True,True,True,available,24.336000000000002,31.477213859558105,7.3890814781188965,6.268,7.468,8.736,12.6,15.200000000000001,23.536,24.336000000000002,NA,0.3290773332118988,0.4117164206667127,True,True,0.0,6.208817164103874e-07,0.0,14.464,31.477214813232422,0.2531874341971999,1.428,safety_stop,0,0.0,0,37,36,0,3815,0,0.0,1.5444271284081879e-06,32.516,completed,30.516000000000002,wrist_extension,"{""wrist_extension"": 1}",1,[23.532],"[{""t"": 23.532, ""event"": ""policy_release_committed""}, {""t"": 24.428, ""event"": ""measured_unloaded_open""}, {""t"": 30.516000000000002, ""event"": ""safety_preempted""}]",23,0.1839999999999975,waiting_for_close,wrist_extension,True,6.18,True,0.0,0.3439527712762356,True,False,37,0.8124157002957135,0.7732532870722935,1.162271908367984,1.1731035549892113,37,0.8124157002957135,0.7732532870722935,1.162271908367984,1.1731035549892113,36,0.8168888888888889,0.7760000000000002,1.168,1.1759999999999984,37,0.977632208988448,0.9563821189804003,1.3489537481684237,1.3570665520383045,/home/physicalai/phantom-icra-2027/sim/waffles/runs/teacher_pick_place_v1/video_reviews/teacher__placement_xp10_yp10mm__seed4242/policy_review.mp4,True,/home/physicalai/phantom-icra-2027/sim/waffles/runs/teacher_pick_place_v1/campaign/rollouts/teacher__placement_xp10_yp10mm__seed4242/sim.mp4,True,../../video_reviews/teacher__placement_xp10_yp10mm__seed4242/policy_review.mp4,../rollouts/teacher__placement_xp10_yp10mm__seed4242/sim.mp4
teacher__placement_xp10_yp10mm__seed4243,teacher,placement_xp10_yp10mm,object_placement,4243,scored,True,,,,/home/physicalai/phantom-icra-2027/sim/waffles/runs/teacher_pick_place_v1/campaign/rollouts/teacher__placement_xp10_yp10mm__seed4243,/home/physicalai/phantom-icra-2027/sim/waffles/runs/teacher_pick_place_v1/campaign/rollouts/teacher__placement_xp10_yp10mm__seed4243,0.0,0.0,partial: pad contacts and reported events; no whole-robot collision certification,Uncalibrated tactile and wrist proxies; visual/contact geometry estimated,True,True,True,True,True,True,True,True,False,False,False,False,False,False,False,False,True,available,NA,63.375356912612915,0.0,6.5360000000000005,8.468,10.8,13.4,15.736,NA,NA,NA,0.3553484082221985,0.1736201654885535,False,False,5.587935447693487e-06,7.858508493651224e-05,0.0,7.6,63.37535858154297,0.25318741868542277,1.476,safety_stop,0,0.0,0,20,19,0,2077,0,25.616235733032227,8.838325733506736e-07,18.608,completed,16.612000000000002,wrist_extension,"{""wrist_extension"": 1}",0,[],"[{""t"": 16.612000000000002, ""event"": ""safety_preempted""}]",0,0.0,holding,wrist_extension,False,NA,False,12.307027027010918,0.0,False,False,20,0.8190201260440517,0.7724262144765817,1.1878147317911498,1.2087925139348954,20,0.8190201260440517,0.7724262144765817,1.1878147317911498,1.2087925139348954,19,0.8261052631578947,0.7760000000000002,1.1944000000000001,1.216,20,0.995830893603852,0.957951096992474,1.3745331613230518,1.3940445720218122,/home/physicalai/phantom-icra-2027/sim/waffles/runs/teacher_pick_place_v1/video_reviews/teacher__placement_xp10_yp10mm__seed4243/policy_review.mp4,True,/home/physicalai/phantom-icra-2027/sim/waffles/runs/teacher_pick_place_v1/campaign/rollouts/teacher__placement_xp10_yp10mm__seed4243/sim.mp4,True,../../video_reviews/teacher__placement_xp10_yp10mm__seed4243/policy_review.mp4,../rollouts/teacher__placement_xp10_yp10mm__seed4243/sim.mp4
teacher__packet_friction_070__seed4242,teacher,packet_friction_070,packet_friction,4242,scored,True,,,,/home/physicalai/phantom-icra-2027/sim/waffles/runs/teacher_pick_place_v1/campaign/rollouts/teacher__packet_friction_070__seed4242,/home/physicalai/phantom-icra-2027/sim/waffles/runs/teacher_pick_place_v1/campaign/rollouts/teacher__packet_friction_070__seed4242,0.0,0.0,partial: pad contacts and reported events; no whole-robot collision certification,Uncalibrated tactile and wrist proxies; visual/contact geometry estimated,True,True,True,True,False,False,False,False,False,False,False,False,False,False,False,False,True,available,NA,7.856958091259003,0.0,6.268,7.4,7.936,NA,NA,NA,NA,NA,0.009119242429733276,0.0,False,True,0.0,4.967053731282364e-07,0.0,2.991999999999999,3.9411985874176025,0.2528239745208991,1.428,safety_stop,0,0.0,0,20,19,0,2217,0,0.0,9.370297178179499e-07,19.728,completed,17.732,wrist_extension,"{""wrist_extension"": 1}",0,[],"[{""t"": 17.732, ""event"": ""safety_preempted""}]",52,0.41600000000000037,unarmed,wrist_extension,False,NA,False,0.0,0.0,False,False,20,0.8945990878040903,0.7949464470148087,1.1651212508208117,1.1890187619719654,20,0.8945990878040903,0.7949464470148087,1.1651212508208117,1.1890187619719654,19,0.8833684210526315,0.7919999999999998,1.1608,1.168,20,1.076329667615937,0.971414651023224,1.3514064557501115,1.3712483800482005,/home/physicalai/phantom-icra-2027/sim/waffles/runs/teacher_pick_place_v1/video_reviews/teacher__packet_friction_070__seed4242/policy_review.mp4,True,/home/physicalai/phantom-icra-2027/sim/waffles/runs/teacher_pick_place_v1/campaign/rollouts/teacher__packet_friction_070__seed4242/sim.mp4,True,../../video_reviews/teacher__packet_friction_070__seed4242/policy_review.mp4,../rollouts/teacher__packet_friction_070__seed4242/sim.mp4
teacher__packet_friction_070__seed4243,teacher,packet_friction_070,packet_friction,4243,scored,True,,,,/home/physicalai/phantom-icra-2027/sim/waffles/runs/teacher_pick_place_v1/campaign/rollouts/teacher__packet_friction_070__seed4243,/home/physicalai/phantom-icra-2027/sim/waffles/runs/teacher_pick_place_v1/campaign/rollouts/teacher__packet_friction_070__seed4243,0.0,0.0,partial: pad contacts and reported events; no whole-robot collision certification,Uncalibrated tactile and wrist proxies; visual/contact geometry estimated,True,True,True,True,True,True,False,False,False,False,False,False,True,True,False,False,True,available,NA,11.35208249092102,0.0,6.6000000000000005,8.136000000000001,9.4,13.200000000000001,NA,NA,NA,15.536,0.2859771251678467,0.05783154759315214,False,True,5.268356063861398e-07,0.0,0.0,4.596,5.711133003234863,0.2528239592029284,1.484,safety_stop,0,0.0,0,20,19,0,2148,0,10.587437629699707,9.10811124299471e-07,19.176000000000002,completed,17.18,wrist_extension,"{""wrist_extension"": 1}",0,[],"[{""t"": 17.18, ""event"": ""safety_preempted""}]",16,0.1280000000000001,unarmed,wrist_extension,False,NA,False,0.0,0.0,False,False,20,0.8571853175992146,0.7733406019979157,1.1861095171829221,1.2207062779925764,20,0.8571853175992146,0.7733406019979157,1.1861095171829221,1.2207062779925764,19,0.8471578947368423,0.7760000000000007,1.1952,1.224,20,1.037740682659205,0.9615002435166389,1.3735550079029053,1.4086134630488232,/home/physicalai/phantom-icra-2027/sim/waffles/runs/teacher_pick_place_v1/video_reviews/teacher__packet_friction_070__seed4243/policy_review.mp4,True,/home/physicalai/phantom-icra-2027/sim/waffles/runs/teacher_pick_place_v1/campaign/rollouts/teacher__packet_friction_070__seed4243/sim.mp4,True,../../video_reviews/teacher__packet_friction_070__seed4243/policy_review.mp4,../rollouts/teacher__packet_friction_070__seed4243/sim.mp4
teacher__packet_friction_085__seed4242,teacher,packet_friction_085,packet_friction,4242,scored,True,,,,/home/physicalai/phantom-icra-2027/sim/waffles/runs/teacher_pick_place_v1/campaign/rollouts/teacher__packet_friction_085__seed4242,/home/physicalai/phantom-icra-2027/sim/waffles/runs/teacher_pick_place_v1/campaign/rollouts/teacher__packet_friction_085__seed4242,0.0,0.0,partial: pad contacts and reported events; no whole-robot collision certification,Uncalibrated tactile and wrist proxies; visual/contact geometry estimated,True,True,True,True,True,True,True,True,True,True,True,True,False,False,True,True,True,available,24.268,13.215617775917053,2.8638806343078613,6.268,7.468,7.936,12.468,14.8,23.6,24.268,NA,0.3133377730846405,0.4074551698776128,True,True,7.982764925275903e-07,0.0,0.0,14.131999999999998,7.565539836883545,0.2528239745208991,1.428,safety_stop,0,0.0,0,37,36,0,3788,0,5.78009033203125,1.5339776879841338e-06,32.296,completed,30.3,wrist_extension,"{""wrist_extension"": 1}",1,[23.54],"[{""t"": 23.54, ""event"": ""policy_release_committed""}, {""t"": 24.428, ""event"": ""measured_unloaded_open""}, {""t"": 30.3, ""event"": ""safety_preempted""}]",26,0.2079999999999984,waiting_for_close,wrist_extension,True,6.032,True,0.0,0.3433256074786186,True,False,37,0.8127069388157562,0.7725956119829789,1.170237213000655,1.1885666140588,37,0.8127069388157562,0.7725956119829789,1.170237213000655,1.1885666140588,36,0.8173333333333335,0.776,1.172,1.1920000000000002,37,0.9738187939085922,0.9556198139907792,1.3566906230291351,1.3727988828904927,/home/physicalai/phantom-icra-2027/sim/waffles/runs/teacher_pick_place_v1/video_reviews/teacher__packet_friction_085__seed4242/policy_review.mp4,True,/home/physicalai/phantom-icra-2027/sim/waffles/runs/teacher_pick_place_v1/campaign/rollouts/teacher__packet_friction_085__seed4242/sim.mp4,True,../../video_reviews/teacher__packet_friction_085__seed4242/policy_review.mp4,../rollouts/teacher__packet_friction_085__seed4242/sim.mp4
teacher__packet_friction_085__seed4243,teacher,packet_friction_085,packet_friction,4243,scored,True,,,,/home/physicalai/phantom-icra-2027/sim/waffles/runs/teacher_pick_place_v1/campaign/rollouts/teacher__packet_friction_085__seed4243,/home/physicalai/phantom-icra-2027/sim/waffles/runs/teacher_pick_place_v1/campaign/rollouts/teacher__packet_friction_085__seed4243,0.0,0.0,partial: pad contacts and reported events; no whole-robot collision certification,Uncalibrated tactile and wrist proxies; visual/contact geometry estimated,True,True,True,True,False,False,False,False,False,False,False,False,False,False,False,False,True,available,NA,8.718406677246094,0.0,6.0680000000000005,7.468,8.468,NA,NA,NA,NA,NA,0.013123653829097748,0.0,False,True,0.0,1.3170890159654375e-06,0.0,2.460000000000001,4.6196794509887695,0.2528239745208991,1.468,safety_stop,0,0.0,0,19,18,0,2030,0,0.0,8.659735328819806e-07,18.232,completed,16.236,wrist_extension,"{""wrist_extension"": 1}",0,[],"[{""t"": 16.236, ""event"": ""safety_preempted""}]",40,0.3200000000000003,unarmed,wrist_extension,False,NA,False,0.0,0.0,False,False,19,0.8821195536293089,0.7793977719265968,1.184997717256192,1.207579305046238,19,0.8821195536293089,0.7793977719265968,1.184997717256192,1.207579305046238,18,0.8715555555555556,0.7800000000000007,1.1876,1.208,19,1.067681136057026,0.9708570179063827,1.3711071548168547,1.3943529200041667,/home/physicalai/phantom-icra-2027/sim/waffles/runs/teacher_pick_place_v1/video_reviews/teacher__packet_friction_085__seed4243/policy_review.mp4,True,/home/physicalai/phantom-icra-2027/sim/waffles/runs/teacher_pick_place_v1/campaign/rollouts/teacher__packet_friction_085__seed4243/sim.mp4,True,../../video_reviews/teacher__packet_friction_085__seed4243/policy_review.mp4,../rollouts/teacher__packet_friction_085__seed4243/sim.mp4
teacher__packet_friction_115__seed4242,teacher,packet_friction_115,packet_friction,4242,scored,True,,,,/home/physicalai/phantom-icra-2027/sim/waffles/runs/teacher_pick_place_v1/campaign/rollouts/teacher__packet_friction_115__seed4242,/home/physicalai/phantom-icra-2027/sim/waffles/runs/teacher_pick_place_v1/campaign/rollouts/teacher__packet_friction_115__seed4242,0.0,0.0,partial: pad contacts and reported events; no whole-robot collision certification,Uncalibrated tactile and wrist proxies; visual/contact geometry estimated,True,True,True,True,True,True,False,False,False,False,False,False,True,True,False,False,True,available,NA,10.339099049568176,0.0,6.4,7.4,7.936,13.136000000000001,NA,NA,NA,13.868,0.06655125319957733,0.000725435345294878,False,True,2.3283064365386942e-07,2.46404792281295e-06,0.0,4.127999999999998,5.212687015533447,0.2528239745208991,1.428,safety_stop,0,0.0,0,19,18,0,2097,0,0.0,8.914321654174273e-07,18.768,completed,16.772000000000002,wrist_extension,"{""wrist_extension"": 1}",0,[],"[{""t"": 16.772000000000002, ""event"": ""safety_preempted""}]",25,0.20000000000000107,unarmed,wrist_extension,False,NA,False,0.0,0.0,False,False,19,0.862124316841609,0.7808552890783176,1.1653826462104917,1.1851263350108638,19,0.862124316841609,0.7808552890783176,1.1653826462104917,1.1851263350108638,18,0.8488888888888888,0.7800000000000007,1.1544,1.168,19,1.0445226142550574,0.972088913898915,1.3494919543620199,1.367261664941907,/home/physicalai/phantom-icra-2027/sim/waffles/runs/teacher_pick_place_v1/video_reviews/teacher__packet_friction_115__seed4242/policy_review.mp4,True,/home/physicalai/phantom-icra-2027/sim/waffles/runs/teacher_pick_place_v1/campaign/rollouts/teacher__packet_friction_115__seed4242/sim.mp4,True,../../video_reviews/teacher__packet_friction_115__seed4242/policy_review.mp4,../rollouts/teacher__packet_friction_115__seed4242/sim.mp4
teacher__packet_friction_115__seed4243,teacher,packet_friction_115,packet_friction,4243,scored,True,,,,/home/physicalai/phantom-icra-2027/sim/waffles/runs/teacher_pick_place_v1/campaign/rollouts/teacher__packet_friction_115__seed4243,/home/physicalai/phantom-icra-2027/sim/waffles/runs/teacher_pick_place_v1/campaign/rollouts/teacher__packet_friction_115__seed4243,0.0,0.0,partial: pad contacts and reported events; no whole-robot collision certification,Uncalibrated tactile and wrist proxies; visual/contact geometry estimated,True,True,True,True,False,False,False,False,False,False,False,False,False,False,False,False,True,available,NA,12.42943787574768,0.0,6.0680000000000005,7.468,8.468,NA,NA,NA,NA,NA,0.014009252190589905,0.0,False,True,3.512237375907703e-06,1.656719056780866e-05,0.0,2.596000000000002,6.561012268066406,0.2528239592029284,1.476,safety_stop,0,0.0,0,18,17,0,2004,0,0.0,8.560940614188439e-07,18.024,completed,16.028,wrist_extension,"{""wrist_extension"": 1}",0,[],"[{""t"": 16.028, ""event"": ""safety_preempted""}]",32,0.2559999999999967,unarmed,wrist_extension,False,NA,False,0.0,0.0,False,False,18,0.8659818725039562,0.7755356159759685,1.1951291532779578,1.2111554910661653,18,0.8659818725039562,0.7755356159759685,1.1951291532779578,1.2111554910661653,17,0.8550588235294119,0.7760000000000016,1.2032,1.216,18,1.0512002048328415,0.9597675250261091,1.3864059837709646,1.3970691019203514,/home/physicalai/phantom-icra-2027/sim/waffles/runs/teacher_pick_place_v1/video_reviews/teacher__packet_friction_115__seed4243/policy_review.mp4,True,/home/physicalai/phantom-icra-2027/sim/waffles/runs/teacher_pick_place_v1/campaign/rollouts/teacher__packet_friction_115__seed4243/sim.mp4,True,../../video_reviews/teacher__packet_friction_115__seed4243/policy_review.mp4,../rollouts/teacher__packet_friction_115__seed4243/sim.mp4
teacher__camera_x_m2deg__seed4242,teacher,camera_x_m2deg,camera,4242,scored,True,,,,/home/physicalai/phantom-icra-2027/sim/waffles/runs/teacher_pick_place_v1/campaign/rollouts/teacher__camera_x_m2deg__seed4242,/home/physicalai/phantom-icra-2027/sim/waffles/runs/teacher_pick_place_v1/campaign/rollouts/teacher__camera_x_m2deg__seed4242,0.0,0.0,partial: pad contacts and reported events; no whole-robot collision certification,Uncalibrated tactile and wrist proxies; visual/contact geometry estimated,True,True,True,True,False,False,False,False,False,False,False,False,False,False,False,False,True,available,NA,5.905179142951965,0.0,6.268,7.4,7.936,NA,NA,NA,NA,NA,0.014740914106369019,0.0,False,True,3.7252902984619935e-07,0.0,0.0,2.663999999999998,3.2440097332000732,0.2528239745208991,1.428,safety_stop,0,0.0,0,19,18,0,2137,0,0.0,9.066313495509348e-07,19.088,completed,17.092,wrist_extension,"{""wrist_extension"": 1}",0,[],"[{""t"": 17.092, ""event"": ""safety_preempted""}]",43,0.34399999999999764,unarmed,wrist_extension,False,NA,False,0.0,0.0,False,False,19,0.8795788005349765,0.7872537929797545,1.1650347364600748,1.1859979900764301,19,0.8795788005349765,0.7872537929797545,1.1650347364600748,1.1859979900764301,18,0.8666666666666667,0.7840000000000003,1.1476,1.168,19,1.0601375865884812,0.9657014339463785,1.3535306194564327,1.3688826790312305,/home/physicalai/phantom-icra-2027/sim/waffles/runs/teacher_pick_place_v1/video_reviews/teacher__camera_x_m2deg__seed4242/policy_review.mp4,True,/home/physicalai/phantom-icra-2027/sim/waffles/runs/teacher_pick_place_v1/campaign/rollouts/teacher__camera_x_m2deg__seed4242/sim.mp4,True,../../video_reviews/teacher__camera_x_m2deg__seed4242/policy_review.mp4,../rollouts/teacher__camera_x_m2deg__seed4242/sim.mp4
teacher__camera_x_m2deg__seed4243,teacher,camera_x_m2deg,camera,4243,scored,True,,,,/home/physicalai/phantom-icra-2027/sim/waffles/runs/teacher_pick_place_v1/campaign/rollouts/teacher__camera_x_m2deg__seed4243,/home/physicalai/phantom-icra-2027/sim/waffles/runs/teacher_pick_place_v1/campaign/rollouts/teacher__camera_x_m2deg__seed4243,0.0,0.0,partial: pad contacts and reported events; no whole-robot collision certification,Uncalibrated tactile and wrist proxies; visual/contact geometry estimated,True,True,True,True,False,False,False,False,False,False,False,False,False,False,False,False,True,available,NA,5.283014535903931,0.0,6.2,7.936,9.136000000000001,NA,NA,NA,NA,NA,0.013240575790405273,0.0,False,True,1.2417634328206646e-07,3.1019240609797502e-06,0.0,2.195999999999998,2.665452718734741,0.2528239592029284,1.476,safety_stop,0,0.0,0,18,17,0,1942,0,8.08334732055664,8.325353277882641e-07,17.528,completed,15.532,wrist_extension,"{""wrist_extension"": 1}",0,[],"[{""t"": 15.532, ""event"": ""safety_preempted""}]",14,0.1120000000000001,unarmed,wrist_extension,False,NA,False,0.0,0.0,False,False,18,0.8657689681147329,0.7742361580021679,1.1870869785896503,1.208256225916557,18,0.8657689681147329,0.7742361580021679,1.1870869785896503,1.208256225916557,17,0.8536470588235294,0.7760000000000002,1.1904000000000001,1.216,18,1.0479233687187337,0.964227557531558,1.3746811724617145,1.3923532129265368,/home/physicalai/phantom-icra-2027/sim/waffles/runs/teacher_pick_place_v1/video_reviews/teacher__camera_x_m2deg__seed4243/policy_review.mp4,True,/home/physicalai/phantom-icra-2027/sim/waffles/runs/teacher_pick_place_v1/campaign/rollouts/teacher__camera_x_m2deg__seed4243/sim.mp4,True,../../video_reviews/teacher__camera_x_m2deg__seed4243/policy_review.mp4,../rollouts/teacher__camera_x_m2deg__seed4243/sim.mp4
teacher__camera_x_p2deg__seed4242,teacher,camera_x_p2deg,camera,4242,scored,True,,,,/home/physicalai/phantom-icra-2027/sim/waffles/runs/teacher_pick_place_v1/campaign/rollouts/teacher__camera_x_p2deg__seed4242,/home/physicalai/phantom-icra-2027/sim/waffles/runs/teacher_pick_place_v1/campaign/rollouts/teacher__camera_x_p2deg__seed4242,0.0,0.0,partial: pad contacts and reported events; no whole-robot collision certification,Uncalibrated tactile and wrist proxies; visual/contact geometry estimated,True,True,True,True,True,True,True,True,False,False,False,False,False,False,False,False,True,available,NA,73.74494552612305,0.0,6.868,8.6,9.868,14.468,16.6,NA,NA,NA,0.32286062836647034,0.25366594946639975,False,False,6.399902244436569e-07,8.236926770099811e-06,0.0,10.248,73.74494934082031,0.2528239745208991,1.436,safety_stop,0,0.0,0,22,21,0,2299,0,0.0,9.68188047067997e-07,20.384,completed,18.388,wrist_extension,"{""wrist_extension"": 1}",0,[],"[{""t"": 18.388, ""event"": ""safety_preempted""}]",0,0.0,holding,wrist_extension,False,NA,False,11.553135335445404,0.0,False,False,22,0.8326788597888398,0.778316279524006,1.1408931754005607,1.1722619590582326,22,0.8326788597888398,0.778316279524006,1.1408931754005607,1.1722619590582326,21,0.8403809523809523,0.7840000000000003,1.1440000000000001,1.176,22,1.0018983967284756,0.9581371934618801,1.3286595036333892,1.36353121092543,/home/physicalai/phantom-icra-2027/sim/waffles/runs/teacher_pick_place_v1/video_reviews/teacher__camera_x_p2deg__seed4242/policy_review.mp4,True,/home/physicalai/phantom-icra-2027/sim/waffles/runs/teacher_pick_place_v1/campaign/rollouts/teacher__camera_x_p2deg__seed4242/sim.mp4,True,../../video_reviews/teacher__camera_x_p2deg__seed4242/policy_review.mp4,../rollouts/teacher__camera_x_p2deg__seed4242/sim.mp4
teacher__camera_x_p2deg__seed4243,teacher,camera_x_p2deg,camera,4243,scored,True,,,,/home/physicalai/phantom-icra-2027/sim/waffles/runs/teacher_pick_place_v1/campaign/rollouts/teacher__camera_x_p2deg__seed4243,/home/physicalai/phantom-icra-2027/sim/waffles/runs/teacher_pick_place_v1/campaign/rollouts/teacher__camera_x_p2deg__seed4243,0.0,0.0,partial: pad contacts and reported events; no whole-robot collision certification,Uncalibrated tactile and wrist proxies; visual/contact geometry estimated,True,True,True,True,True,True,True,True,False,False,False,False,True,True,False,False,True,available,NA,13.6100013256073,0.012790579348802567,6.0680000000000005,7.4,7.668,12.468,14.468,NA,NA,15.468,0.34667423367500305,0.16421565892370932,False,True,0.0,0.0,0.0,6.399999999999998,6.864652156829834,0.2528239745208991,1.436,safety_stop,0,0.0,0,20,19,0,2100,0,6.098170757293701,8.92572103339262e-07,18.792,completed,16.796,wrist_extension,"{""wrist_extension"": 1}",0,[],"[{""t"": 16.796, ""event"": ""safety_preempted""}]",14,0.11199999999999832,unarmed,wrist_extension,False,NA,False,0.0,0.0,False,False,20,0.8547420619288459,0.7777274279505946,1.1485249141755047,1.1681383699178696,20,0.8547420619288459,0.7777274279505946,1.1485249141755047,1.1681383699178696,19,0.8442105263157894,0.7760000000000016,1.1544,1.176,20,1.0320846636022907,0.9621705894824117,1.3343199399299919,1.3509006690001115,/home/physicalai/phantom-icra-2027/sim/waffles/runs/teacher_pick_place_v1/video_reviews/teacher__camera_x_p2deg__seed4243/policy_review.mp4,True,/home/physicalai/phantom-icra-2027/sim/waffles/runs/teacher_pick_place_v1/campaign/rollouts/teacher__camera_x_p2deg__seed4243/sim.mp4,True,../../video_reviews/teacher__camera_x_p2deg__seed4243/policy_review.mp4,../rollouts/teacher__camera_x_p2deg__seed4243/sim.mp4
teacher__camera_y_m2deg__seed4242,teacher,camera_y_m2deg,camera,4242,scored,True,,,,/home/physicalai/phantom-icra-2027/sim/waffles/runs/teacher_pick_place_v1/campaign/rollouts/teacher__camera_y_m2deg__seed4242,/home/physicalai/phantom-icra-2027/sim/waffles/runs/teacher_pick_place_v1/campaign/rollouts/teacher__camera_y_m2deg__seed4242,0.0,0.0,partial: pad contacts and reported events; no whole-robot collision certification,Uncalibrated tactile and wrist proxies; visual/contact geometry estimated,True,True,True,True,True,True,False,False,False,False,False,False,True,True,False,False,True,available,NA,10.292763948440552,0.0,6.336,7.468,7.936,12.6,NA,NA,NA,14.736,0.1853572428226471,0.011722056374027612,False,True,3.104408582051707e-07,6.208817164103414e-07,0.00811528731533846,5.6640000000000015,5.563275337219238,0.2528239745208991,1.46,safety_stop,0,0.0,0,19,18,0,2057,0,0.0,8.762329812839198e-07,18.448,completed,16.452,wrist_extension,"{""wrist_extension"": 1}",0,[],"[{""t"": 16.452, ""event"": ""safety_preempted""}]",23,0.18400000000000105,unarmed,wrist_extension,False,NA,False,0.0,0.0,False,False,19,0.8640885343713882,0.7909278760198504,1.1875025092158467,1.1984412459423766,19,0.8640885343713882,0.7909278760198504,1.1875025092158467,1.1984412459423766,18,0.853777777777778,0.7880000000000011,1.1932,1.2,19,1.0499698736790666,0.9766015639761463,1.3736955962027422,1.3857792859198526,/home/physicalai/phantom-icra-2027/sim/waffles/runs/teacher_pick_place_v1/video_reviews/teacher__camera_y_m2deg__seed4242/policy_review.mp4,True,/home/physicalai/phantom-icra-2027/sim/waffles/runs/teacher_pick_place_v1/campaign/rollouts/teacher__camera_y_m2deg__seed4242/sim.mp4,True,../../video_reviews/teacher__camera_y_m2deg__seed4242/policy_review.mp4,../rollouts/teacher__camera_y_m2deg__seed4242/sim.mp4
teacher__camera_y_m2deg__seed4243,teacher,camera_y_m2deg,camera,4243,scored,True,,,,/home/physicalai/phantom-icra-2027/sim/waffles/runs/teacher_pick_place_v1/campaign/rollouts/teacher__camera_y_m2deg__seed4243,/home/physicalai/phantom-icra-2027/sim/waffles/runs/teacher_pick_place_v1/campaign/rollouts/teacher__camera_y_m2deg__seed4243,0.0,0.0,partial: pad contacts and reported events; no whole-robot collision certification,Uncalibrated tactile and wrist proxies; visual/contact geometry estimated,True,True,True,True,False,False,False,False,False,False,False,False,False,False,False,False,True,available,NA,19.137224555015564,0.0,7.936,8.536,10.468,NA,NA,NA,NA,NA,0.0008344724774360657,0.0,False,True,0.0,1.1707457919692344e-06,0.01347157002412473,1.404,17.36018180847168,0.2528239745208991,1.428,safety_stop,0,0.0,0,20,19,0,2214,0,0.0,9.358897798961152e-07,19.704,completed,17.708000000000002,wrist_extension,"{""wrist_extension"": 1}",0,[],"[{""t"": 17.708000000000002, ""event"": ""safety_preempted""}]",17,0.13599999999999923,unarmed,wrist_extension,False,NA,False,0.0,0.0,False,False,20,0.874517860042397,0.7786185189615935,1.1670859680627472,1.1848878669552505,20,0.874517860042397,0.7786185189615935,1.1670859680627472,1.1848878669552505,19,0.8623157894736843,0.7839999999999989,1.1464,1.168,20,1.0605148913047742,0.9648704590508714,1.3525927271984983,1.3681850250577554,/home/physicalai/phantom-icra-2027/sim/waffles/runs/teacher_pick_place_v1/video_reviews/teacher__camera_y_m2deg__seed4243/policy_review.mp4,True,/home/physicalai/phantom-icra-2027/sim/waffles/runs/teacher_pick_place_v1/campaign/rollouts/teacher__camera_y_m2deg__seed4243/sim.mp4,True,../../video_reviews/teacher__camera_y_m2deg__seed4243/policy_review.mp4,../rollouts/teacher__camera_y_m2deg__seed4243/sim.mp4
teacher__camera_y_p2deg__seed4242,teacher,camera_y_p2deg,camera,4242,scored,True,,,,/home/physicalai/phantom-icra-2027/sim/waffles/runs/teacher_pick_place_v1/campaign/rollouts/teacher__camera_y_p2deg__seed4242,/home/physicalai/phantom-icra-2027/sim/waffles/runs/teacher_pick_place_v1/campaign/rollouts/teacher__camera_y_p2deg__seed4242,0.0,0.0,partial: pad contacts and reported events; no whole-robot collision certification,Uncalibrated tactile and wrist proxies; visual/contact geometry estimated,True,True,True,True,True,True,True,True,False,False,False,False,False,False,False,False,True,available,NA,19.436785489320755,0.0,6.8,8.536,8.8,14.668000000000001,16.936,NA,NA,NA,0.321148544549942,0.34699529098201803,False,False,3.5156656220883427e-06,3.786869516466175e-05,0.0,12.092,9.98121452331543,0.2528239745208991,1.428,safety_stop,0,0.0,0,23,22,0,2404,0,0.0,1.0080859063066328e-06,21.224,completed,19.228,wrist_extension,"{""wrist_extension"": 1}",0,[],"[{""t"": 19.228, ""event"": ""safety_preempted""}]",0,0.0,holding,wrist_extension,False,NA,False,10.562682807445526,0.0,False,False,23,0.8304235569920148,0.7760209509870037,1.139432566438336,1.166142511065118,23,0.8304235569920148,0.7760209509870037,1.139432566438336,1.166142511065118,22,0.8378181818181819,0.7840000000000016,1.1440000000000001,1.168,23,0.9967878643504303,0.9547134519089013,1.3234083636896685,1.3532280389918014,/home/physicalai/phantom-icra-2027/sim/waffles/runs/teacher_pick_place_v1/video_reviews/teacher__camera_y_p2deg__seed4242/policy_review.mp4,True,/home/physicalai/phantom-icra-2027/sim/waffles/runs/teacher_pick_place_v1/campaign/rollouts/teacher__camera_y_p2deg__seed4242/sim.mp4,True,../../video_reviews/teacher__camera_y_p2deg__seed4242/policy_review.mp4,../rollouts/teacher__camera_y_p2deg__seed4242/sim.mp4
teacher__camera_y_p2deg__seed4243,teacher,camera_y_p2deg,camera,4243,scored,True,,,,/home/physicalai/phantom-icra-2027/sim/waffles/runs/teacher_pick_place_v1/campaign/rollouts/teacher__camera_y_p2deg__seed4243,/home/physicalai/phantom-icra-2027/sim/waffles/runs/teacher_pick_place_v1/campaign/rollouts/teacher__camera_y_p2deg__seed4243,0.0,0.0,partial: pad contacts and reported events; no whole-robot collision certification,Uncalibrated tactile and wrist proxies; visual/contact geometry estimated,True,True,False,False,False,False,False,False,False,False,False,False,False,False,False,False,True,available,NA,0.9762165546417236,0.0,7.6000000000000005,8.6,NA,NA,NA,NA,NA,NA,3.1851232051849365e-05,0.0,False,True,0.0,0.0,0.014632605222511247,0.06799999999999962,0.5099624395370483,0.2528239745208991,1.428,safety_stop,0,0.0,0,18,17,0,1984,0,0.0,8.484944693520902e-07,17.864,completed,15.868,wrist_extension,"{""wrist_extension"": 1}",0,[],"[{""t"": 15.868, ""event"": ""safety_preempted""}]",16,0.1280000000000001,unarmed,wrist_extension,False,NA,False,0.0,0.0,False,False,18,0.8857205717682114,0.795682936499361,1.1637782482313923,1.1647533240029588,18,0.8857205717682114,0.795682936499361,1.1637782482313923,1.1647533240029588,17,0.8743529411764707,0.7920000000000016,1.168,1.1680000000000001,18,1.070040323655121,0.9781737959710881,1.3486909038154409,1.3531220720615238,/home/physicalai/phantom-icra-2027/sim/waffles/runs/teacher_pick_place_v1/video_reviews/teacher__camera_y_p2deg__seed4243/policy_review.mp4,True,/home/physicalai/phantom-icra-2027/sim/waffles/runs/teacher_pick_place_v1/campaign/rollouts/teacher__camera_y_p2deg__seed4243/sim.mp4,True,../../video_reviews/teacher__camera_y_p2deg__seed4243/policy_review.mp4,../rollouts/teacher__camera_y_p2deg__seed4243/sim.mp4
teacher__observation_delay_80ms__seed4242,teacher,observation_delay_80ms,observation_delay,4242,scored,True,,,,/home/physicalai/phantom-icra-2027/sim/waffles/runs/teacher_pick_place_v1/campaign/rollouts/teacher__observation_delay_80ms__seed4242,/home/physicalai/phantom-icra-2027/sim/waffles/runs/teacher_pick_place_v1/campaign/rollouts/teacher__observation_delay_80ms__seed4242,0.08,0.0,partial: pad contacts and reported events; no whole-robot collision certification,Uncalibrated tactile and wrist proxies; visual/contact geometry estimated,True,True,False,False,False,False,False,False,False,False,False,False,False,False,False,False,True,available,NA,68.71353912353516,0.0,5.936,NA,NA,NA,NA,NA,NA,NA,0.004408851265907288,0.0,False,True,2.2523548636854153e-05,0.0001648466615823789,0.0,0.0,68.71353912353516,0.25282397447753424,1.548,safety_stop,0,0.0,0,9,8,0,1014,0,104.31857299804688,4.799142470091056e-07,10.104000000000001,completed,8.108,wrench_limit,"{""wrench_limit"": 1}",0,[],"[{""t"": 8.108, ""event"": ""safety_preempted""}]",0,0.0,unarmed,wrench_limit,False,NA,False,0.08203224092721939,0.0,False,False,9,0.8701069700117741,0.7937454619677737,1.1759531820425764,1.200244312058203,9,0.8701069700117741,0.7937454619677737,1.1759531820425764,1.200244312058203,8,0.885,0.7959999999999998,1.1856,1.208,9,1.05514758056961,0.9781671160599217,1.36021551520098,1.3849059880012646,/home/physicalai/phantom-icra-2027/sim/waffles/runs/teacher_pick_place_v1/video_reviews/teacher__observation_delay_80ms__seed4242/policy_review.mp4,True,/home/physicalai/phantom-icra-2027/sim/waffles/runs/teacher_pick_place_v1/campaign/rollouts/teacher__observation_delay_80ms__seed4242/sim.mp4,True,../../video_reviews/teacher__observation_delay_80ms__seed4242/policy_review.mp4,../rollouts/teacher__observation_delay_80ms__seed4242/sim.mp4
teacher__observation_delay_80ms__seed4243,teacher,observation_delay_80ms,observation_delay,4243,scored,True,,,,/home/physicalai/phantom-icra-2027/sim/waffles/runs/teacher_pick_place_v1/campaign/rollouts/teacher__observation_delay_80ms__seed4243,/home/physicalai/phantom-icra-2027/sim/waffles/runs/teacher_pick_place_v1/campaign/rollouts/teacher__observation_delay_80ms__seed4243,0.08,0.0,partial: pad contacts and reported events; no whole-robot collision certification,Uncalibrated tactile and wrist proxies; visual/contact geometry estimated,True,True,True,True,False,False,False,False,False,False,False,False,False,False,False,False,True,available,NA,29.591474533081055,0.0,5.936,7.668,10.868,NA,NA,NA,NA,NA,0.03905550390481949,0.0,False,True,0.0,0.0,0.0,2.604000000000001,29.591474533081055,0.25282397447753424,1.556,safety_stop,0,0.0,0,20,19,0,2157,0,36.729736328125,9.142309416176886e-07,19.248,completed,17.252,wrist_extension,"{""wrist_extension"": 1}",0,[],"[{""t"": 17.252, ""event"": ""safety_preempted""}]",37,0.2959999999999976,unarmed,wrist_extension,False,NA,False,0.0,0.0,False,False,20,0.8781972779892385,0.7896601060056128,1.1671602957940195,1.2139432709664106,20,0.8781972779892385,0.7896601060056128,1.1671602957940195,1.2139432709664106,19,0.8686315789473683,0.7840000000000003,1.1727999999999992,1.216,20,1.0609687603777274,0.9751792200258933,1.3543603836616966,1.3986692909384146,/home/physicalai/phantom-icra-2027/sim/waffles/runs/teacher_pick_place_v1/video_reviews/teacher__observation_delay_80ms__seed4243/policy_review.mp4,True,/home/physicalai/phantom-icra-2027/sim/waffles/runs/teacher_pick_place_v1/campaign/rollouts/teacher__observation_delay_80ms__seed4243/sim.mp4,True,../../video_reviews/teacher__observation_delay_80ms__seed4243/policy_review.mp4,../rollouts/teacher__observation_delay_80ms__seed4243/sim.mp4
teacher__observation_delay_160ms__seed4242,teacher,observation_delay_160ms,observation_delay,4242,scored,True,,,,/home/physicalai/phantom-icra-2027/sim/waffles/runs/teacher_pick_place_v1/campaign/rollouts/teacher__observation_delay_160ms__seed4242,/home/physicalai/phantom-icra-2027/sim/waffles/runs/teacher_pick_place_v1/campaign/rollouts/teacher__observation_delay_160ms__seed4242,0.16,0.0,partial: pad contacts and reported events; no whole-robot collision certification,Uncalibrated tactile and wrist proxies; visual/contact geometry estimated,True,True,False,False,False,False,False,False,False,False,False,False,False,False,False,False,True,available,NA,83.3044080734253,0.0,6.0,NA,NA,NA,NA,NA,NA,NA,0.004361443221569061,0.0,False,False,0.0003485047838892062,0.0035682790963346327,0.0,0.0,83.30440521240234,0.25282397447753424,1.588,safety_stop,0,0.0,0,9,8,0,975,0,85.96524810791016,4.6509504336711416e-07,9.792,completed,7.796,wrench_limit,"{""wrench_limit"": 1}",0,[],"[{""t"": 7.796, ""event"": ""safety_preempted""}]",0,0.0,unarmed,wrench_limit,False,NA,False,0.17986607551574707,0.0,False,False,9,0.8658496599980734,0.7835071620065719,1.1569057439919561,1.16794228204526,9,0.8658496599980734,0.7835071620065719,1.1569057439919561,1.16794228204526,8,0.881,0.796,1.1596000000000002,1.1680000000000001,9,1.0516630896729313,0.9702143969479948,1.3439354448346421,1.3563144620275125,/home/physicalai/phantom-icra-2027/sim/waffles/runs/teacher_pick_place_v1/video_reviews/teacher__observation_delay_160ms__seed4242/policy_review.mp4,True,/home/physicalai/phantom-icra-2027/sim/waffles/runs/teacher_pick_place_v1/campaign/rollouts/teacher__observation_delay_160ms__seed4242/sim.mp4,True,../../video_reviews/teacher__observation_delay_160ms__seed4242/policy_review.mp4,../rollouts/teacher__observation_delay_160ms__seed4242/sim.mp4
teacher__observation_delay_160ms__seed4243,teacher,observation_delay_160ms,observation_delay,4243,scored,True,,,,/home/physicalai/phantom-icra-2027/sim/waffles/runs/teacher_pick_place_v1/campaign/rollouts/teacher__observation_delay_160ms__seed4243,/home/physicalai/phantom-icra-2027/sim/waffles/runs/teacher_pick_place_v1/campaign/rollouts/teacher__observation_delay_160ms__seed4243,0.16,0.0,partial: pad contacts and reported events; no whole-robot collision certification,Uncalibrated tactile and wrist proxies; visual/contact geometry estimated,True,True,True,True,False,False,False,False,False,False,False,False,False,False,False,False,True,available,NA,60.05904507637024,0.0,6.0,7.8,8.0,NA,NA,NA,NA,NA,0.014518357813358307,0.0,False,True,0.0,0.0,0.0,2.144,60.05904769897461,0.25282397447753424,1.596,safety_stop,0,0.0,0,19,18,0,2076,0,37.78718948364258,8.834525928591574e-07,18.6,completed,16.604,hitbox_exit_top,"{""hitbox_exit_top"": 1}",0,[],"[{""t"": 16.604, ""event"": ""safety_preempted""}]",22,0.17600000000000016,unarmed,hitbox_exit_top,False,NA,False,0.0,0.0,False,False,19,0.8620274634296564,0.7827152810059488,1.1732048119418323,1.1847072259988636,19,0.8620274634296564,0.7827152810059488,1.1732048119418323,1.1847072259988636,18,0.8502222222222223,0.7800000000000011,1.1784000000000001,1.1920000000000002,19,1.0480891395311214,0.9679608230944723,1.3591932031558827,1.3787942229537293,/home/physicalai/phantom-icra-2027/sim/waffles/runs/teacher_pick_place_v1/video_reviews/teacher__observation_delay_160ms__seed4243/policy_review.mp4,True,/home/physicalai/phantom-icra-2027/sim/waffles/runs/teacher_pick_place_v1/campaign/rollouts/teacher__observation_delay_160ms__seed4243/sim.mp4,True,../../video_reviews/teacher__observation_delay_160ms__seed4243/policy_review.mp4,../rollouts/teacher__observation_delay_160ms__seed4243/sim.mp4
teacher__inference_delay_add_150ms__seed4242,teacher,inference_delay_add_150ms,inference_delay,4242,scored,True,,,,/home/physicalai/phantom-icra-2027/sim/waffles/runs/teacher_pick_place_v1/campaign/rollouts/teacher__inference_delay_add_150ms__seed4242,/home/physicalai/phantom-icra-2027/sim/waffles/runs/teacher_pick_place_v1/campaign/rollouts/teacher__inference_delay_add_150ms__seed4242,0.0,0.15,partial: pad contacts and reported events; no whole-robot collision certification,Uncalibrated tactile and wrist proxies; visual/contact geometry estimated,True,True,False,False,False,False,False,False,False,False,False,False,False,False,False,False,True,available,NA,56.4968695640564,0.0,8.068,10.0,NA,NA,NA,NA,NA,NA,1.4901161193847656e-08,0.0,False,True,0.0,1.0753986783132031e-06,0.011799631092274642,0.0,56.49687194824219,0.25282397420292624,1.604,safety_stop,0,0.0,0,27,26,0,3807,0,0.0,1.5411972995593715e-06,32.448,completed,30.452,joint_speed,"{""joint_speed"": 1}",0,[],"[{""t"": 30.452, ""event"": ""safety_preempted""}]",690,5.520000000000004,unarmed,joint_speed,False,NA,False,0.0,0.0,False,False,27,0.9634376588165415,0.8031417139573023,1.18789135098923,1.1888970150612295,27,1.1134376588165413,0.9531417139573023,1.3378913509892298,1.3388970150612294,26,1.1249230769230771,1.1280000000000001,1.343999999999999,1.344,27,1.1497546062304604,0.9886412640335038,1.377631239988841,1.3818941029021516,/home/physicalai/phantom-icra-2027/sim/waffles/runs/teacher_pick_place_v1/video_reviews/teacher__inference_delay_add_150ms__seed4242/policy_review.mp4,True,/home/physicalai/phantom-icra-2027/sim/waffles/runs/teacher_pick_place_v1/campaign/rollouts/teacher__inference_delay_add_150ms__seed4242/sim.mp4,True,../../video_reviews/teacher__inference_delay_add_150ms__seed4242/policy_review.mp4,../rollouts/teacher__inference_delay_add_150ms__seed4242/sim.mp4
teacher__inference_delay_add_150ms__seed4243,teacher,inference_delay_add_150ms,inference_delay,4243,scored,True,,,,/home/physicalai/phantom-icra-2027/sim/waffles/runs/teacher_pick_place_v1/campaign/rollouts/teacher__inference_delay_add_150ms__seed4243,/home/physicalai/phantom-icra-2027/sim/waffles/runs/teacher_pick_place_v1/campaign/rollouts/teacher__inference_delay_add_150ms__seed4243,0.0,0.15,partial: pad contacts and reported events; no whole-robot collision certification,Uncalibrated tactile and wrist proxies; visual/contact geometry estimated,False,False,False,False,False,False,False,False,False,False,False,False,False,False,False,False,True,available,NA,0.0,0.0,NA,7.0,NA,NA,NA,NA,NA,NA,0.0,0.0,False,True,0.0,4.967053731282364e-07,0.02146193679501964,0.0,0.0,0.25282397447753424,1.588,NA,0,0.0,0,57,56,0,7500,0,14.598755836486816,2.8496570863012494e-06,59.996,completed,NA,,{},0,[],[],652,5.215999999999989,unarmed,horizon_no_controller_stop,False,NA,False,0.0,0.0,False,False,57,0.9008650357851333,0.8018084310460836,1.1777676997473463,1.1917262560455129,57,1.0508650357851335,0.9518084310460836,1.3277676997473462,1.3417262560455128,56,1.0511428571428567,0.9519999999999982,1.3299999999999996,1.3440000000000012,57,1.088429974432904,0.9894551159814,1.3695562827866525,1.377766866935417,/home/physicalai/phantom-icra-2027/sim/waffles/runs/teacher_pick_place_v1/video_reviews/teacher__inference_delay_add_150ms__seed4243/policy_review.mp4,True,/home/physicalai/phantom-icra-2027/sim/waffles/runs/teacher_pick_place_v1/campaign/rollouts/teacher__inference_delay_add_150ms__seed4243/sim.mp4,True,../../video_reviews/teacher__inference_delay_add_150ms__seed4243/policy_review.mp4,../rollouts/teacher__inference_delay_add_150ms__seed4243/sim.mp4
teacher__inference_delay_add_300ms__seed4242,teacher,inference_delay_add_300ms,inference_delay,4242,scored,True,,,,/home/physicalai/phantom-icra-2027/sim/waffles/runs/teacher_pick_place_v1/campaign/rollouts/teacher__inference_delay_add_300ms__seed4242,/home/physicalai/phantom-icra-2027/sim/waffles/runs/teacher_pick_place_v1/campaign/rollouts/teacher__inference_delay_add_300ms__seed4242,0.0,0.3,partial: pad contacts and reported events; no whole-robot collision certification,Uncalibrated tactile and wrist proxies; visual/contact geometry estimated,False,False,False,False,False,False,False,False,False,False,False,False,False,False,False,False,True,available,NA,9.679308891296387,0.0,NA,8.668000000000001,NA,NA,NA,NA,NA,NA,0.000286787748336792,0.0,False,True,0.0,0.0,0.01774020419738146,0.0,9.679308891296387,0.2528239588855288,1.732,safety_stop,0,0.0,0,46,45,0,7220,0,28.342105865478516,2.8380677079553607e-06,59.752,completed,57.756,tactile_depth,"{""tactile_depth"": 1}",0,[],"[{""t"": 57.756, ""event"": ""safety_preempted""}]",2685,21.479999999999983,unarmed,tactile_depth,False,NA,False,0.0,0.0,False,False,46,0.9528026780209747,0.8051495139952749,1.1849089212482795,1.1883666010107845,46,1.2528026780209742,1.105149513995275,1.4849089212482796,1.4883666010107846,45,1.2595555555555553,1.1120000000000019,1.4879999999999995,1.4959999999999951,46,1.1401434295137576,0.9935157754807733,1.3718842627713457,1.3832092479569837,/home/physicalai/phantom-icra-2027/sim/waffles/runs/teacher_pick_place_v1/video_reviews/teacher__inference_delay_add_300ms__seed4242/policy_review.mp4,True,/home/physicalai/phantom-icra-2027/sim/waffles/runs/teacher_pick_place_v1/campaign/rollouts/teacher__inference_delay_add_300ms__seed4242/sim.mp4,True,../../video_reviews/teacher__inference_delay_add_300ms__seed4242/policy_review.mp4,../rollouts/teacher__inference_delay_add_300ms__seed4242/sim.mp4
teacher__inference_delay_add_300ms__seed4243,teacher,inference_delay_add_300ms,inference_delay,4243,scored,True,,,,/home/physicalai/phantom-icra-2027/sim/waffles/runs/teacher_pick_place_v1/campaign/rollouts/teacher__inference_delay_add_300ms__seed4243,/home/physicalai/phantom-icra-2027/sim/waffles/runs/teacher_pick_place_v1/campaign/rollouts/teacher__inference_delay_add_300ms__seed4243,0.0,0.3,partial: pad contacts and reported events; no whole-robot collision certification,Uncalibrated tactile and wrist proxies; visual/contact geometry estimated,False,False,False,False,False,False,False,False,False,False,False,False,False,False,False,False,True,available,NA,0.9542968915775418,0.0,NA,7.668,NA,NA,NA,NA,NA,NA,5.496293306350708e-05,0.0,False,True,0.0,3.1804662135405383e-06,0.014158155883768288,0.1960000000000015,0.5112645030021667,0.2528239588855288,1.724,safety_stop,0,0.0,0,47,46,0,7416,0,103.36820220947266,2.8496570863012494e-06,59.996,completed,59.324,wrench_limit,"{""wrench_limit"": 1}",0,[],"[{""t"": 59.324, ""event"": ""safety_preempted""}]",2066,16.527999999999988,unarmed,wrench_limit,False,NA,False,0.0,0.0,False,False,47,0.9578323561420783,0.8039431910729036,1.1849759900360368,1.1949559000786394,47,1.257832356142078,1.1039431910729036,1.4849759900360369,1.4949559000786394,46,1.2563478260869565,1.1039999999999996,1.4879999999999995,1.4959999999999987,47,1.143655823665037,0.988932860083878,1.369932346965652,1.3800383600173518,/home/physicalai/phantom-icra-2027/sim/waffles/runs/teacher_pick_place_v1/video_reviews/teacher__inference_delay_add_300ms__seed4243/policy_review.mp4,True,/home/physicalai/phantom-icra-2027/sim/waffles/runs/teacher_pick_place_v1/campaign/rollouts/teacher__inference_delay_add_300ms__seed4243/sim.mp4,True,../../video_reviews/teacher__inference_delay_add_300ms__seed4243/policy_review.mp4,../rollouts/teacher__inference_delay_add_300ms__seed4243/sim.mp4
