acquired,activation_delay_s,actual_stop,carried,clean_place,collision_coverage,completed_reason,completion_hold_rows,completion_time_s,condition_id,delivery_latency_s,directory,dropped,event_times_s,final_bin_supported_robot_unloaded,final_contacts_unloaded,final_inside_bin,final_support_forces_n,furthest_physical_stage,hold_duration_s,ik_rejects,inference_wall_time_s,initialization,invalid_reasons,lifted,logged_safety_events_including_nonterminal,native_inference_latency_s,pad_packet_force_peak_n,policy_id,reach_before_closure,reach_error_before_first_closing_motion_m,released_in_bin,safety_stop,sampling_seed,stale_plan_hold_rows,stop_reason,stop_time_s,strict_full_place,study_stage,tactile_force_limit_stop,terminal_safety_events,valid_for_selection,wrench_limit_stop
False,"{""count"": 74, ""mean"": 0.7902702702702705, ""p95"": 0.8079999999999998, ""max"": 1.176}",False,False,False,partial: pad contacts and reported events; no whole-robot collision certification,,0,,start_1787395928,"{""count"": 75, ""mean"": 0.785411235949335, ""p95"": 0.8034826832008548}",/home/physicalai/phantom-icra-2027/sim/waffles/runs/teacher_robustness_v2_delivery/screen/rollouts/fta1500_nfe1_k4__start_1787395928__seed903101,False,"{""reach"": null, ""closure"": 0.0, ""acquisition"": null, ""lift"": null, ""carry"": null, ""release_in_bin"": null, ""full_task"": null, ""first_drop"": null}",False,True,False,"{""packet_robot_normal_force"": 0.0, ""packet_bin_normal_force"": 0.0}",none,0.0,0,"{""count"": 75, ""mean"": 0.9685256890316183, ""p95"": 0.9865382442250847}",,[],False,[],"{""count"": 75, ""mean"": 0.785411235949335, ""p95"": 0.8034826832008548}",0.6936913728713989,fta1500_nfe1_k4,False,0.056217682909796375,False,False,903101,0,,,False,screen,False,[],True,False
False,"{""count"": 5, ""mean"": 0.8623999999999998, ""p95"": 1.0959999999999999, ""max"": 1.168}",True,False,False,partial: pad contacts and reported events; no whole-robot collision certification,,0,,start_1787395928,"{""count"": 6, ""mean"": 0.8492111081529098, ""p95"": 1.0752607850008644}",/home/physicalai/phantom-icra-2027/sim/waffles/runs/teacher_robustness_v2_delivery/screen/rollouts/fta1500_nfe1_k4__start_1787395928__seed903102,False,"{""reach"": null, ""closure"": 0.0, ""acquisition"": null, ""lift"": null, ""carry"": null, ""release_in_bin"": null, ""full_task"": null, ""first_drop"": null}",False,True,False,"{""packet_robot_normal_force"": 0.0, ""packet_bin_normal_force"": 0.0}",none,0.0,0,"{""count"": 6, ""mean"": 1.0305088871973567, ""p95"": 1.2564578230667394}",,[],False,"[""wrench_limit""]","{""count"": 6, ""mean"": 0.8492111081529098, ""p95"": 1.0752607850008644}",0.0,fta1500_nfe1_k4,False,,False,True,903102,0,safety_stop,5.38,False,screen,False,"[""wrench_limit""]",True,True
False,"{""count"": 68, ""mean"": 0.8628235294117643, ""p95"": 1.1839999999999975, ""max"": 1.216}",False,False,False,partial: pad contacts and reported events; no whole-robot collision certification,,0,,start_1787395963,"{""count"": 69, ""mean"": 0.8622685801018488, ""p95"": 1.1835273617645725}",/home/physicalai/phantom-icra-2027/sim/waffles/runs/teacher_robustness_v2_delivery/screen/rollouts/fta1500_nfe1_k4__start_1787395963__seed903101,False,"{""reach"": null, ""closure"": 0.0, ""acquisition"": null, ""lift"": null, ""carry"": null, ""release_in_bin"": null, ""full_task"": null, ""first_drop"": null}",False,True,False,"{""packet_robot_normal_force"": 0.0, ""packet_bin_normal_force"": 0.0}",none,0.0,0,"{""count"": 69, ""mean"": 1.0452419276200775, ""p95"": 1.3659621451748536}",,[],False,[],"{""count"": 69, ""mean"": 0.8622685801018488, ""p95"": 1.1835273617645725}",36.8767204284668,fta1500_nfe1_k4,False,0.021351300836796518,False,False,903101,0,,,False,screen,False,[],True,False
False,"{""count"": 15, ""mean"": 0.8389333333333332, ""p95"": 1.1511999999999993, ""max"": 1.168}",True,False,False,partial: pad contacts and reported events; no whole-robot collision certification,,0,,start_1787395963,"{""count"": 16, ""mean"": 0.8292731654728414, ""p95"": 1.1465056657325476}",/home/physicalai/phantom-icra-2027/sim/waffles/runs/teacher_robustness_v2_delivery/screen/rollouts/fta1500_nfe1_k4__start_1787395963__seed903102,False,"{""reach"": null, ""closure"": 0.0, ""acquisition"": null, ""lift"": null, ""carry"": null, ""release_in_bin"": null, ""full_task"": null, ""first_drop"": null}",False,False,False,"{""packet_robot_normal_force"": 95.74334368854761, ""packet_bin_normal_force"": 0.0}",none,0.0,0,"{""count"": 16, ""mean"": 1.010760455057607, ""p95"": 1.326930969255045}",,[],False,"[""wrench_limit""]","{""count"": 16, ""mean"": 0.8292731654728414, ""p95"": 1.1465056657325476}",150.34454345703125,fta1500_nfe1_k4,False,0.16377549247268314,False,True,903102,0,safety_stop,13.468,False,screen,False,"[""wrench_limit""]",True,True
False,"{""count"": 71, ""mean"": 0.8278309859154929, ""p95"": 1.156000000000001, ""max"": 1.1920000000000002}",False,False,False,partial: pad contacts and reported events; no whole-robot collision certification,,0,,start_1787396028,"{""count"": 72, ""mean"": 0.8225350643495202, ""p95"": 1.153228819044307}",/home/physicalai/phantom-icra-2027/sim/waffles/runs/teacher_robustness_v2_delivery/screen/rollouts/fta1500_nfe1_k4__start_1787396028__seed903101,False,"{""reach"": null, ""closure"": 0.0, ""acquisition"": null, ""lift"": null, ""carry"": null, ""release_in_bin"": null, ""full_task"": null, ""first_drop"": null}",False,True,False,"{""packet_robot_normal_force"": 0.0, ""packet_bin_normal_force"": 0.0}",none,0.0,0,"{""count"": 72, ""mean"": 1.00542387306632, ""p95"": 1.3365841701219325}",,[],False,[],"{""count"": 72, ""mean"": 0.8225350643495202, ""p95"": 1.153228819044307}",37.1589241027832,fta1500_nfe1_k4,False,0.08576664983085434,False,False,903101,0,,,False,screen,False,[],True,False
False,"{""count"": 6, ""mean"": 0.8506666666666667, ""p95"": 1.0779999999999998, ""max"": 1.168}",True,False,False,partial: pad contacts and reported events; no whole-robot collision certification,,0,,start_1787396028,"{""count"": 7, ""mean"": 0.8356510225650189, ""p95"": 1.0550144742242988}",/home/physicalai/phantom-icra-2027/sim/waffles/runs/teacher_robustness_v2_delivery/screen/rollouts/fta1500_nfe1_k4__start_1787396028__seed903102,False,"{""reach"": null, ""closure"": 0.0, ""acquisition"": null, ""lift"": null, ""carry"": null, ""release_in_bin"": null, ""full_task"": null, ""first_drop"": null}",False,True,False,"{""packet_robot_normal_force"": 0.0, ""packet_bin_normal_force"": 0.0}",none,0.0,0,"{""count"": 7, ""mean"": 1.0143533931280087, ""p95"": 1.2397498405771328}",,[],False,"[""wrench_limit""]","{""count"": 7, ""mean"": 0.8356510225650189, ""p95"": 1.0550144742242988}",0.0,fta1500_nfe1_k4,False,,False,True,903102,0,safety_stop,5.692,False,screen,False,"[""wrench_limit""]",True,True
False,"{""count"": 63, ""mean"": 0.9221587301587297, ""p95"": 1.1912000000000003, ""max"": 1.1920000000000002}",False,False,False,partial: pad contacts and reported events; no whole-robot collision certification,,0,,start_1787396273,"{""count"": 64, ""mean"": 0.9219067987105518, ""p95"": 1.1846673322375865}",/home/physicalai/phantom-icra-2027/sim/waffles/runs/teacher_robustness_v2_delivery/screen/rollouts/fta1500_nfe1_k4__start_1787396273__seed903101,False,"{""reach"": null, ""closure"": 0.0, ""acquisition"": null, ""lift"": null, ""carry"": null, ""release_in_bin"": null, ""full_task"": null, ""first_drop"": null}",False,False,False,"{""packet_robot_normal_force"": 46.14842915534973, ""packet_bin_normal_force"": 0.0}",none,0.0,0,"{""count"": 64, ""mean"": 1.1052440893017774, ""p95"": 1.368271989421919}",,[],False,[],"{""count"": 64, ""mean"": 0.9219067987105518, ""p95"": 1.1846673322375865}",46.14842987060547,fta1500_nfe1_k4,False,0.21043867717098289,False,False,903101,0,,,False,screen,False,[],True,False
False,"{""count"": 47, ""mean"": 0.8345531914893616, ""p95"": 1.1800000000000002, ""max"": 1.2}",True,False,False,partial: pad contacts and reported events; no whole-robot collision certification,,0,,start_1787396273,"{""count"": 48, ""mean"": 0.8283606265104027, ""p95"": 1.1715377056039868}",/home/physicalai/phantom-icra-2027/sim/waffles/runs/teacher_robustness_v2_delivery/screen/rollouts/fta1500_nfe1_k4__start_1787396273__seed903102,False,"{""reach"": null, ""closure"": 0.0, ""acquisition"": null, ""lift"": null, ""carry"": null, ""release_in_bin"": null, ""full_task"": null, ""first_drop"": null}",False,True,False,"{""packet_robot_normal_force"": 0.0, ""packet_bin_normal_force"": 0.0}",none,0.0,0,"{""count"": 48, ""mean"": 1.0108835045078497, ""p95"": 1.3537177018646616}",,[],False,"[""wrench_limit""]","{""count"": 48, ""mean"": 0.8283606265104027, ""p95"": 1.1715377056039868}",116.63239288330078,fta1500_nfe1_k4,False,0.21607507742987675,False,True,903102,0,safety_stop,40.524,False,screen,False,"[""wrench_limit""]",True,True
False,"{""count"": 5, ""mean"": 0.9856, ""p95"": 1.2496, ""max"": 1.336}",True,False,False,partial: pad contacts and reported events; no whole-robot collision certification,,0,,start_1787395928,"{""count"": 6, ""mean"": 0.9674192544965384, ""p95"": 1.2258937946753576}",/home/physicalai/phantom-icra-2027/sim/waffles/runs/teacher_robustness_v2_delivery/screen/rollouts/fta1500_nfe5_k1__start_1787395928__seed903101,False,"{""reach"": null, ""closure"": 0.0, ""acquisition"": null, ""lift"": null, ""carry"": null, ""release_in_bin"": null, ""full_task"": null, ""first_drop"": null}",False,True,False,"{""packet_robot_normal_force"": 0.0, ""packet_bin_normal_force"": 0.0}",none,0.0,0,"{""count"": 6, ""mean"": 1.1484181748431486, ""p95"": 1.4078293285274412}",,[],False,"[""wrench_limit""]","{""count"": 6, ""mean"": 0.9674192544965384, ""p95"": 1.2258937946753576}",0.0,fta1500_nfe5_k1,False,0.21666610517374024,False,True,903101,0,safety_stop,5.436,False,screen,False,"[""wrench_limit""]",True,True
False,"{""count"": 7, ""mean"": 0.9634285714285715, ""p95"": 1.1823999999999997, ""max"": 1.288}",True,False,False,partial: pad contacts and reported events; no whole-robot collision certification,,0,,start_1787395928,"{""count"": 8, ""mean"": 0.9515421616379172, ""p95"": 1.1603328717232215}",/home/physicalai/phantom-icra-2027/sim/waffles/runs/teacher_robustness_v2_delivery/screen/rollouts/fta1500_nfe5_k1__start_1787395928__seed903102,False,"{""reach"": null, ""closure"": 0.0, ""acquisition"": null, ""lift"": null, ""carry"": null, ""release_in_bin"": null, ""full_task"": null, ""first_drop"": null}",False,False,False,"{""packet_robot_normal_force"": 94.26971054077148, ""packet_bin_normal_force"": 0.0}",none,0.0,0,"{""count"": 8, ""mean"": 1.13213311288564, ""p95"": 1.3410832503112031}",,[],False,"[""wrench_limit""]","{""count"": 8, ""mean"": 0.9515421616379172, ""p95"": 1.1603328717232215}",124.59507751464844,fta1500_nfe5_k1,False,,False,True,903102,0,safety_stop,7.0920000000000005,False,screen,False,"[""wrench_limit""]",True,True
False,"{""count"": 15, ""mean"": 0.9328000000000002, ""p95"": 1.0439999999999996, ""max"": 1.296}",True,False,False,partial: pad contacts and reported events; no whole-robot collision certification,,0,,start_1787395963,"{""count"": 16, ""mean"": 0.9300631140649784, ""p95"": 1.019950104993768}",/home/physicalai/phantom-icra-2027/sim/waffles/runs/teacher_robustness_v2_delivery/screen/rollouts/fta1500_nfe5_k1__start_1787395963__seed903101,False,"{""reach"": null, ""closure"": 0.0, ""acquisition"": null, ""lift"": null, ""carry"": null, ""release_in_bin"": null, ""full_task"": null, ""first_drop"": null}",False,False,False,"{""packet_robot_normal_force"": 61.06158971786499, ""packet_bin_normal_force"": 0.0}",none,0.0,0,"{""count"": 16, ""mean"": 1.1127285991387907, ""p95"": 1.2066614711657166}",,[],False,"[""joint_speed""]","{""count"": 16, ""mean"": 0.9300631140649784, ""p95"": 1.019950104993768}",108.68108367919922,fta1500_nfe5_k1,False,0.03083123364316575,False,True,903101,0,safety_stop,14.476,False,screen,False,"[""joint_speed""]",True,False
False,"{""count"": 8, ""mean"": 0.9640000000000001, ""p95"": 1.1959999999999997, ""max"": 1.336}",True,False,False,partial: pad contacts and reported events; no whole-robot collision certification,,0,,start_1787395963,"{""count"": 9, ""mean"": 0.9533727617623905, ""p95"": 1.1709458797937258}",/home/physicalai/phantom-icra-2027/sim/waffles/runs/teacher_robustness_v2_delivery/screen/rollouts/fta1500_nfe5_k1__start_1787395963__seed903102,False,"{""reach"": null, ""closure"": 0.0, ""acquisition"": null, ""lift"": null, ""carry"": null, ""release_in_bin"": null, ""full_task"": null, ""first_drop"": null}",False,False,False,"{""packet_robot_normal_force"": 0.1286192685365677, ""packet_bin_normal_force"": 0.0}",none,0.0,0,"{""count"": 9, ""mean"": 1.1365734046687268, ""p95"": 1.3587500900495797}",,[],False,"[""wrench_limit""]","{""count"": 9, ""mean"": 0.9533727617623905, ""p95"": 1.1709458797937258}",0.26140257716178894,fta1500_nfe5_k1,False,,False,True,903102,0,safety_stop,8.22,False,screen,False,"[""wrench_limit""]",True,True
False,"{""count"": 6, ""mean"": 0.9720000000000001, ""p95"": 1.234, ""max"": 1.344}",True,False,False,partial: pad contacts and reported events; no whole-robot collision certification,,0,,start_1787396028,"{""count"": 7, ""mean"": 0.9623947701516694, ""p95"": 1.2181555480696258}",/home/physicalai/phantom-icra-2027/sim/waffles/runs/teacher_robustness_v2_delivery/screen/rollouts/fta1500_nfe5_k1__start_1787396028__seed903101,False,"{""reach"": null, ""closure"": 0.0, ""acquisition"": null, ""lift"": null, ""carry"": null, ""release_in_bin"": null, ""full_task"": null, ""first_drop"": null}",False,True,False,"{""packet_robot_normal_force"": 0.0, ""packet_bin_normal_force"": 0.0}",none,0.0,0,"{""count"": 7, ""mean"": 1.1442168794372785, ""p95"": 1.4013587507419285}",,[],False,"[""wrench_limit""]","{""count"": 7, ""mean"": 0.9623947701516694, ""p95"": 1.2181555480696258}",0.0,fta1500_nfe5_k1,False,0.17925158771489516,False,True,903101,0,safety_stop,6.916,False,screen,False,"[""wrench_limit""]",True,True
False,"{""count"": 9, ""mean"": 0.9573333333333333, ""p95"": 1.1776, ""max"": 1.344}",True,False,False,partial: pad contacts and reported events; no whole-robot collision certification,,0,,start_1787396028,"{""count"": 10, ""mean"": 0.9468999421806075, ""p95"": 1.152118263742886}",/home/physicalai/phantom-icra-2027/sim/waffles/runs/teacher_robustness_v2_delivery/screen/rollouts/fta1500_nfe5_k1__start_1787396028__seed903102,False,"{""reach"": null, ""closure"": 0.0, ""acquisition"": null, ""lift"": null, ""carry"": null, ""release_in_bin"": null, ""full_task"": null, ""first_drop"": null}",False,True,False,"{""packet_robot_normal_force"": 0.0, ""packet_bin_normal_force"": 0.0}",none,0.0,0,"{""count"": 10, ""mean"": 1.1314540989580564, ""p95"": 1.3332563419360663}",,[],False,"[""wrench_limit""]","{""count"": 10, ""mean"": 0.9468999421806075, ""p95"": 1.152118263742886}",0.0,fta1500_nfe5_k1,False,,False,True,903102,0,safety_stop,9.244,False,screen,False,"[""wrench_limit""]",True,True
False,"{""count"": 36, ""mean"": 1.073777777777778, ""p95"": 1.3119999999999976, ""max"": 1.344}",True,False,False,partial: pad contacts and reported events; no whole-robot collision certification,,0,,start_1787396273,"{""count"": 37, ""mean"": 1.0666770708552133, ""p95"": 1.3107419009786099}",/home/physicalai/phantom-icra-2027/sim/waffles/runs/teacher_robustness_v2_delivery/screen/rollouts/fta1500_nfe5_k1__start_1787396273__seed903101,False,"{""reach"": null, ""closure"": 0.0, ""acquisition"": null, ""lift"": null, ""carry"": null, ""release_in_bin"": null, ""full_task"": null, ""first_drop"": null}",False,True,False,"{""packet_robot_normal_force"": 0.0, ""packet_bin_normal_force"": 0.0}",none,0.0,0,"{""count"": 37, ""mean"": 1.2502230761031545, ""p95"": 1.4928549351869151}",,[],False,[],"{""count"": 37, ""mean"": 1.0666770708552133, ""p95"": 1.3107419009786099}",0.0,fta1500_nfe5_k1,False,0.21607507745218474,False,False,903101,0,veto_retry_cap,40.14,False,screen,False,[],True,False
True,"{""count"": 12, ""mean"": 0.9353333333333333, ""p95"": 1.0900000000000003, ""max"": 1.288}",True,False,False,partial: pad contacts and reported events; no whole-robot collision certification,,0,,start_1787396273,"{""count"": 13, ""mean"": 0.9322215614374727, ""p95"": 1.0708332837326446}",/home/physicalai/phantom-icra-2027/sim/waffles/runs/teacher_robustness_v2_delivery/screen/rollouts/fta1500_nfe5_k1__start_1787396273__seed903102,False,"{""reach"": null, ""closure"": 0.0, ""acquisition"": 11.336, ""lift"": null, ""carry"": null, ""release_in_bin"": null, ""full_task"": null, ""first_drop"": null}",False,True,False,"{""packet_robot_normal_force"": 0.0597357340157032, ""packet_bin_normal_force"": 0.0}",acquired,0.0,0,"{""count"": 13, ""mean"": 1.111729055392341, ""p95"": 1.2531468804227184}",,[],False,"[""wrench_limit""]","{""count"": 13, ""mean"": 0.9322215614374727, ""p95"": 1.0708332837326446}",139.60067749023438,fta1500_nfe5_k1,False,0.015870069428304562,False,True,903102,0,safety_stop,11.932,False,screen,False,"[""wrench_limit""]",True,True
False,"{""count"": 74, ""mean"": 0.790054054054054, ""p95"": 0.8079999999999998, ""max"": 1.192}",False,False,False,partial: pad contacts and reported events; no whole-robot collision certification,,0,,start_1787395928,"{""count"": 75, ""mean"": 0.7855471063343187, ""p95"": 0.8027043854352087}",/home/physicalai/phantom-icra-2027/sim/waffles/runs/teacher_robustness_v2_delivery/screen/rollouts/fta3000_nfe1_k4__start_1787395928__seed903101,False,"{""reach"": null, ""closure"": 0.0, ""acquisition"": null, ""lift"": null, ""carry"": null, ""release_in_bin"": null, ""full_task"": null, ""first_drop"": null}",False,True,False,"{""packet_robot_normal_force"": 0.0, ""packet_bin_normal_force"": 0.0}",none,0.0,0,"{""count"": 75, ""mean"": 0.9675449066469446, ""p95"": 0.9853280936717056}",,[],False,[],"{""count"": 75, ""mean"": 0.7855471063343187, ""p95"": 0.8027043854352087}",0.6835768818855286,fta3000_nfe1_k4,False,0.06412867187253224,False,False,903101,0,,,False,screen,False,[],True,False
False,"{""count"": 6, ""mean"": 0.8466666666666667, ""p95"": 1.0779999999999998, ""max"": 1.168}",True,False,False,partial: pad contacts and reported events; no whole-robot collision certification,,0,,start_1787395928,"{""count"": 7, ""mean"": 0.8324755547135803, ""p95"": 1.0555213164538142}",/home/physicalai/phantom-icra-2027/sim/waffles/runs/teacher_robustness_v2_delivery/screen/rollouts/fta3000_nfe1_k4__start_1787395928__seed903102,False,"{""reach"": null, ""closure"": 0.0, ""acquisition"": null, ""lift"": null, ""carry"": null, ""release_in_bin"": null, ""full_task"": null, ""first_drop"": null}",False,True,False,"{""packet_robot_normal_force"": 0.0, ""packet_bin_normal_force"": 0.0}",none,0.0,0,"{""count"": 7, ""mean"": 1.0133707687158935, ""p95"": 1.236299283034168}",,[],False,"[""wrench_limit""]","{""count"": 7, ""mean"": 0.8324755547135803, ""p95"": 1.0555213164538142}",0.0,fta3000_nfe1_k4,False,,False,True,903102,0,safety_stop,5.836,False,screen,False,"[""wrench_limit""]",True,True
True,"{""count"": 72, ""mean"": 0.8115555555555555, ""p95"": 1.1440000000000006, ""max"": 1.1920000000000002}",False,False,False,partial: pad contacts and reported events; no whole-robot collision certification,,0,,start_1787395963,"{""count"": 73, ""mean"": 0.8074409141610313, ""p95"": 1.1378004845930263}",/home/physicalai/phantom-icra-2027/sim/waffles/runs/teacher_robustness_v2_delivery/screen/rollouts/fta3000_nfe1_k4__start_1787395963__seed903101,False,"{""reach"": null, ""closure"": 0.0, ""acquisition"": 12.136000000000001, ""lift"": null, ""carry"": null, ""release_in_bin"": null, ""full_task"": null, ""first_drop"": null}",False,True,False,"{""packet_robot_normal_force"": 0.0, ""packet_bin_normal_force"": 0.0}",acquired,0.0,0,"{""count"": 73, ""mean"": 0.9895789085916078, ""p95"": 1.3218236375600099}",,[],False,[],"{""count"": 73, ""mean"": 0.8074409141610313, ""p95"": 1.1378004845930263}",3.469463586807251,fta3000_nfe1_k4,False,0.01636419779139365,False,False,903101,0,,,False,screen,False,[],True,False
False,"{""count"": 34, ""mean"": 0.8421176470588234, ""p95"": 1.1683999999999992, ""max"": 1.224}",True,False,False,partial: pad contacts and reported events; no whole-robot collision certification,,0,,start_1787395963,"{""count"": 35, ""mean"": 0.8357026119051235, ""p95"": 1.1632751550874671}",/home/physicalai/phantom-icra-2027/sim/waffles/runs/teacher_robustness_v2_delivery/screen/rollouts/fta3000_nfe1_k4__start_1787395963__seed903102,False,"{""reach"": null, ""closure"": 0.0, ""acquisition"": null, ""lift"": null, ""carry"": null, ""release_in_bin"": null, ""full_task"": null, ""first_drop"": null}",False,True,False,"{""packet_robot_normal_force"": 0.0, ""packet_bin_normal_force"": 0.0}",none,0.0,0,"{""count"": 35, ""mean"": 1.019192233704962, ""p95"": 1.3443059533601627}",,[],False,"[""wrench_limit""]","{""count"": 35, ""mean"": 0.8357026119051235, ""p95"": 1.1632751550874671}",0.0,fta3000_nfe1_k4,False,0.1997527105499176,False,True,903102,0,safety_stop,29.684,False,screen,False,"[""wrench_limit""]",True,True
False,"{""count"": 8, ""mean"": 0.8330000000000001, ""p95"": 1.0419999999999998, ""max"": 1.168}",True,False,False,partial: pad contacts and reported events; no whole-robot collision certification,,0,,start_1787396028,"{""count"": 9, ""mean"": 0.8236676681036543, ""p95"": 1.021321226004511}",/home/physicalai/phantom-icra-2027/sim/waffles/runs/teacher_robustness_v2_delivery/screen/rollouts/fta3000_nfe1_k4__start_1787396028__seed903101,False,"{""reach"": null, ""closure"": 0.0, ""acquisition"": null, ""lift"": null, ""carry"": null, ""release_in_bin"": null, ""full_task"": null, ""first_drop"": null}",False,True,False,"{""packet_robot_normal_force"": 0.0, ""packet_bin_normal_force"": 0.0}",none,0.0,0,"{""count"": 9, ""mean"": 1.0064980348753225, ""p95"": 1.207093464815989}",,[],False,"[""wrench_limit""]","{""count"": 9, ""mean"": 0.8236676681036543, ""p95"": 1.021321226004511}",0.0,fta3000_nfe1_k4,False,,False,True,903101,0,safety_stop,7.644,False,screen,False,"[""wrench_limit""]",True,True
False,"{""count"": 5, ""mean"": 0.8687999999999999, ""p95"": 1.0959999999999999, ""max"": 1.168}",True,False,False,partial: pad contacts and reported events; no whole-robot collision certification,,0,,start_1787396028,"{""count"": 6, ""mean"": 0.8485119413041199, ""p95"": 1.0731147607439198}",/home/physicalai/phantom-icra-2027/sim/waffles/runs/teacher_robustness_v2_delivery/screen/rollouts/fta3000_nfe1_k4__start_1787396028__seed903102,False,"{""reach"": null, ""closure"": 0.0, ""acquisition"": null, ""lift"": null, ""carry"": null, ""release_in_bin"": null, ""full_task"": null, ""first_drop"": null}",False,True,False,"{""packet_robot_normal_force"": 0.0, ""packet_bin_normal_force"": 0.0}",none,0.0,0,"{""count"": 6, ""mean"": 1.0265838561851222, ""p95"": 1.25348255931749}",,[],False,"[""tactile_depth""]","{""count"": 6, ""mean"": 0.8485119413041199, ""p95"": 1.0731147607439198}",0.0,fta3000_nfe1_k4,False,,False,True,903102,0,safety_stop,4.876,False,screen,True,"[""tactile_depth""]",True,False
False,"{""count"": 31, ""mean"": 0.9295483870967742, ""p95"": 1.184000000000001, ""max"": 1.1920000000000002}",True,False,False,partial: pad contacts and reported events; no whole-robot collision certification,,0,,start_1787396273,"{""count"": 32, ""mean"": 0.9212708403210854, ""p95"": 1.1790604117326438}",/home/physicalai/phantom-icra-2027/sim/waffles/runs/teacher_robustness_v2_delivery/screen/rollouts/fta3000_nfe1_k4__start_1787396273__seed903101,False,"{""reach"": null, ""closure"": 0.0, ""acquisition"": null, ""lift"": null, ""carry"": null, ""release_in_bin"": null, ""full_task"": null, ""first_drop"": null}",False,False,False,"{""packet_robot_normal_force"": 47.48355911672115, ""packet_bin_normal_force"": 0.0}",none,0.0,0,"{""count"": 32, ""mean"": 1.1033910163096152, ""p95"": 1.3603713282500394}",,[],False,"[""wrench_limit""]","{""count"": 32, ""mean"": 0.9212708403210854, ""p95"": 1.1790604117326438}",76.48261260986328,fta3000_nfe1_k4,False,0.2117011593944745,False,True,903101,0,safety_stop,29.62,False,screen,False,"[""wrench_limit""]",True,True
False,"{""count"": 57, ""mean"": 0.8259649122807021, ""p95"": 1.1440000000000001, ""max"": 1.224}",True,False,False,partial: pad contacts and reported events; no whole-robot collision certification,,0,,start_1787396273,"{""count"": 58, ""mean"": 0.82033070452423, ""p95"": 1.1407821430359035}",/home/physicalai/phantom-icra-2027/sim/waffles/runs/teacher_robustness_v2_delivery/screen/rollouts/fta3000_nfe1_k4__start_1787396273__seed903102,False,"{""reach"": null, ""closure"": 0.0, ""acquisition"": null, ""lift"": null, ""carry"": null, ""release_in_bin"": null, ""full_task"": null, ""first_drop"": null}",False,True,False,"{""packet_robot_normal_force"": 0.0, ""packet_bin_normal_force"": 0.0}",none,0.0,0,"{""count"": 58, ""mean"": 1.0033823914488713, ""p95"": 1.3232206385000609}",,[],False,"[""wrist_extension""]","{""count"": 58, ""mean"": 0.82033070452423, ""p95"": 1.1407821430359035}",100.19693756103516,fta3000_nfe1_k4,False,0.2160751173314794,False,True,903102,0,safety_stop,48.364000000000004,False,screen,False,"[""wrist_extension""]",True,False
False,"{""count"": 8, ""mean"": 0.8340000000000001, ""p95"": 1.0443999999999998, ""max"": 1.176}",True,False,False,partial: pad contacts and reported events; no whole-robot collision certification,,0,,start_1787395928,"{""count"": 9, ""mean"": 0.8236825227763297, ""p95"": 1.0226710337679832}",/home/physicalai/phantom-icra-2027/sim/waffles/runs/teacher_robustness_v2_delivery/screen/rollouts/v5_6_nfe1_k4__start_1787395928__seed903101,False,"{""reach"": null, ""closure"": 0.0, ""acquisition"": null, ""lift"": null, ""carry"": null, ""release_in_bin"": null, ""full_task"": null, ""first_drop"": null}",False,True,False,"{""packet_robot_normal_force"": 0.0, ""packet_bin_normal_force"": 0.0}",none,0.0,0,"{""count"": 9, ""mean"": 1.0051100907795545, ""p95"": 1.2042280283989384}",,[],False,"[""wrench_limit""]","{""count"": 9, ""mean"": 0.8236825227763297, ""p95"": 1.0226710337679832}",0.2561725080013275,v5_6_nfe1_k4,False,,False,True,903101,0,safety_stop,7.372,False,screen,False,"[""wrench_limit""]",True,True
False,"{""count"": 6, ""mean"": 0.8533333333333332, ""p95"": 1.0779999999999998, ""max"": 1.168}",True,False,False,partial: pad contacts and reported events; no whole-robot collision certification,,0,,start_1787395928,"{""count"": 7, ""mean"": 0.8371814744480487, ""p95"": 1.0556460507097651}",/home/physicalai/phantom-icra-2027/sim/waffles/runs/teacher_robustness_v2_delivery/screen/rollouts/v5_6_nfe1_k4__start_1787395928__seed903102,False,"{""reach"": null, ""closure"": 0.0, ""acquisition"": null, ""lift"": null, ""carry"": null, ""release_in_bin"": null, ""full_task"": null, ""first_drop"": null}",False,True,False,"{""packet_robot_normal_force"": 0.0, ""packet_bin_normal_force"": 0.0}",none,0.0,0,"{""count"": 7, ""mean"": 1.0190647358706753, ""p95"": 1.2375985360587944}",,[],False,"[""wrench_limit""]","{""count"": 7, ""mean"": 0.8371814744480487, ""p95"": 1.0556460507097651}",0.0,v5_6_nfe1_k4,False,,False,True,903102,0,safety_stop,5.636,False,screen,False,"[""wrench_limit""]",True,True
False,"{""count"": 9, ""mean"": 0.8266666666666667, ""p95"": 1.0239999999999998, ""max"": 1.168}",True,False,False,partial: pad contacts and reported events; no whole-robot collision certification,,0,,start_1787395963,"{""count"": 10, ""mean"": 0.8171161032980307, ""p95"": 1.0023583843256343}",/home/physicalai/phantom-icra-2027/sim/waffles/runs/teacher_robustness_v2_delivery/screen/rollouts/v5_6_nfe1_k4__start_1787395963__seed903101,False,"{""reach"": null, ""closure"": 0.0, ""acquisition"": null, ""lift"": null, ""carry"": null, ""release_in_bin"": null, ""full_task"": null, ""first_drop"": null}",False,True,False,"{""packet_robot_normal_force"": 0.0, ""packet_bin_normal_force"": 0.0}",none,0.0,0,"{""count"": 10, ""mean"": 0.9991147143067792, ""p95"": 1.1848532317148053}",,[],False,"[""wrench_limit""]","{""count"": 10, ""mean"": 0.8171161032980307, ""p95"": 1.0023583843256343}",0.0,v5_6_nfe1_k4,False,0.26605306027862946,False,True,903101,0,safety_stop,8.252,False,screen,False,"[""wrench_limit""]",True,True
False,"{""count"": 8, ""mean"": 0.835, ""p95"": 1.0627999999999997, ""max"": 1.2}",True,False,False,partial: pad contacts and reported events; no whole-robot collision certification,,0,,start_1787395963,"{""count"": 9, ""mean"": 0.8273563862183235, ""p95"": 1.0395686301868408}",/home/physicalai/phantom-icra-2027/sim/waffles/runs/teacher_robustness_v2_delivery/screen/rollouts/v5_6_nfe1_k4__start_1787395963__seed903102,False,"{""reach"": null, ""closure"": 0.0, ""acquisition"": null, ""lift"": null, ""carry"": null, ""release_in_bin"": null, ""full_task"": null, ""first_drop"": null}",False,False,False,"{""packet_robot_normal_force"": 69.72157430648804, ""packet_bin_normal_force"": 0.0}",none,0.0,0,"{""count"": 9, ""mean"": 1.0095525153446943, ""p95"": 1.2202847482403738}",,[],False,"[""wrench_limit""]","{""count"": 9, ""mean"": 0.8273563862183235, ""p95"": 1.0395686301868408}",110.8590316772461,v5_6_nfe1_k4,False,0.26605306027862946,False,True,903102,0,safety_stop,7.228,False,screen,False,"[""wrench_limit""]",True,True
True,"{""count"": 25, ""mean"": 0.8307199999999999, ""p95"": 1.1711999999999998, ""max"": 1.1839999999999975}",True,False,False,partial: pad contacts and reported events; no whole-robot collision certification,,0,,start_1787396028,"{""count"": 26, ""mean"": 0.8243924927351495, ""p95"": 1.1653376377944369}",/home/physicalai/phantom-icra-2027/sim/waffles/runs/teacher_robustness_v2_delivery/screen/rollouts/v5_6_nfe1_k4__start_1787396028__seed903101,False,"{""reach"": null, ""closure"": 0.0, ""acquisition"": 12.668000000000001, ""lift"": null, ""carry"": null, ""release_in_bin"": null, ""full_task"": null, ""first_drop"": null}",False,True,False,"{""packet_robot_normal_force"": 0.0, ""packet_bin_normal_force"": 0.0}",acquired,0.0,0,"{""count"": 26, ""mean"": 1.0023295182797414, ""p95"": 1.3490852834947873}",,[],False,"[""wrench_limit""]","{""count"": 26, ""mean"": 0.8243924927351495, ""p95"": 1.1653376377944369}",3.0741584300994873,v5_6_nfe1_k4,False,0.0,False,True,903101,0,safety_stop,21.66,False,screen,False,"[""wrench_limit""]",True,True
False,"{""count"": 10, ""mean"": 0.8295999999999999, ""p95"": 1.0191999999999997, ""max"": 1.192}",True,False,False,partial: pad contacts and reported events; no whole-robot collision certification,,0,,start_1787396028,"{""count"": 11, ""mean"": 0.8229572327744047, ""p95"": 0.9984902199357748}",/home/physicalai/phantom-icra-2027/sim/waffles/runs/teacher_robustness_v2_delivery/screen/rollouts/v5_6_nfe1_k4__start_1787396028__seed903102,False,"{""reach"": null, ""closure"": 0.0, ""acquisition"": null, ""lift"": null, ""carry"": null, ""release_in_bin"": null, ""full_task"": null, ""first_drop"": null}",False,True,False,"{""packet_robot_normal_force"": 0.0, ""packet_bin_normal_force"": 0.0}",none,0.0,0,"{""count"": 11, ""mean"": 1.0053268157432533, ""p95"": 1.1826649815775454}",,[],False,"[""wrench_limit""]","{""count"": 11, ""mean"": 0.8229572327744047, ""p95"": 0.9984902199357748}",0.0,v5_6_nfe1_k4,False,,False,True,903102,0,safety_stop,8.828,False,screen,False,"[""wrench_limit""]",True,True
True,"{""count"": 21, ""mean"": 0.8068571428571429, ""p95"": 0.8080000000000016, ""max"": 1.176}",True,False,False,partial: pad contacts and reported events; no whole-robot collision certification,,0,,start_1787396273,"{""count"": 22, ""mean"": 0.8008383638542992, ""p95"": 0.8060611679917201}",/home/physicalai/phantom-icra-2027/sim/waffles/runs/teacher_robustness_v2_delivery/screen/rollouts/v5_6_nfe1_k4__start_1787396273__seed903101,False,"{""reach"": null, ""closure"": 0.0, ""acquisition"": 16.2, ""lift"": null, ""carry"": null, ""release_in_bin"": null, ""full_task"": null, ""first_drop"": null}",False,True,False,"{""packet_robot_normal_force"": 0.0, ""packet_bin_normal_force"": 0.0}",acquired,0.0,0,"{""count"": 22, ""mean"": 0.9828515124126253, ""p95"": 0.9881931393174455}",,[],False,"[""wrench_limit""]","{""count"": 22, ""mean"": 0.8008383638542992, ""p95"": 0.8060611679917201}",112.60478973388672,v5_6_nfe1_k4,False,0.01624715743892216,False,True,903101,0,safety_stop,17.972,False,screen,False,"[""wrench_limit""]",True,True
False,"{""count"": 61, ""mean"": 0.8055081967213116, ""p95"": 0.8080000000000003, ""max"": 1.184}",True,False,False,partial: pad contacts and reported events; no whole-robot collision certification,,0,,start_1787396273,"{""count"": 62, ""mean"": 0.8002338445155821, ""p95"": 0.8032010600611101}",/home/physicalai/phantom-icra-2027/sim/waffles/runs/teacher_robustness_v2_delivery/screen/rollouts/v5_6_nfe1_k4__start_1787396273__seed903102,False,"{""reach"": null, ""closure"": 0.0, ""acquisition"": null, ""lift"": null, ""carry"": null, ""release_in_bin"": null, ""full_task"": null, ""first_drop"": null}",False,True,False,"{""packet_robot_normal_force"": 0.0, ""packet_bin_normal_force"": 0.0}",none,0.0,0,"{""count"": 62, ""mean"": 0.9835708326183169, ""p95"": 0.989353273488814}",,[],False,"[""wrench_limit""]","{""count"": 62, ""mean"": 0.8002338445155821, ""p95"": 0.8032010600611101}",79.32817077636719,v5_6_nfe1_k4,False,0.21607507742987675,False,True,903102,0,safety_stop,50.124,False,screen,False,"[""wrench_limit""]",True,True
